Batch_Size,Run_Label,Verifier_Mode,Ack_Count,Ack_Gas_Total,Ack_Gas_Per_Packet,Relay_Bytes,Relay_Bytes_Per_Packet,Ack_Chunks,T_Prove_s,T_Submit_s,Recv_Tx,Ack_Tx
10,d10-r1-relayer,mock,10,1099476,109947.6,22084,2208.4,1,4.174,4.258,7DEA00B6860EA1537E154D0F625A9460D699CF1C4DF731A85AEB84469EE8EC02,0x7892208921b8e18a7d774521ee73a413bd5900721792819c869e83803bc3a0a8
10,d10-r1-validator,mock,10,1080921,108092.1,22084,2208.4,1,14.289,16.271,1239C5232B09B0C6DA8C619117B15A61A03A4C76682AAA8E1F35622D1993F158,0xc59a9246a66704386015874fed149e523a0571929f93a50e5c57cd22adccc09f
10,d10-r2-relayer,mock,10,1074267,107426.7,22084,2208.4,1,17.555,4.25,FFC3B5774B1B0539F555739AEB7CE54ACAC34CE2510FC9D08B7FB3AE56777D57,0xf9eec6ee477de237012b0106ac2e0f337b1dd538857de695210a0035c60d93b7
10,d10-r2-validator,mock,10,1080459,108045.9,22084,2208.4,1,23.852,12.297,AEDB67AA835A8BF9626FABA78E82D3AD94E3A3E495C9907AAF4520814BBBC64D,0x219e60684ed9fc07f7e4216ceeba71e8cc7da1196e6be3ec92baee367e4fab1c
10,d10-r3-relayer,mock,10,1074267,107426.7,22084,2208.4,1,20.435,8.27,49194D846DAF94EFB236EA30BA93B4AC2F78C85989F58BE3C043E0C6585F3A2A,0x0979593da86493aa40b9fcb806b1ad3cd23a460297b5050e31436977d8516c84
10,d10-r3-validator,mock,10,1106196,110619.6,22084,2208.4,1,4.459,8.221,5C3499E861AD43495F67BFCFD7C88EAC6DC4FD036158692FDDEBC0790E3B85C8,0x3fcfef900b9392f6007b83d1c7d9ab620499a70658b2e90e1e386a55d7a6a04f
25,d25-r1-relayer,mock,25,2558790,102351.6,53284,2131.36,1,18.27,4.434,1A188F893F07F83742F2EFD7C2E9B34C4AB3BA592A28363BABED78C5D9F20212,0x96bd619261e82682c6dba6bb7848d2e8aae6d30477bcc5198d7404d27b7ec615
25,d25-r1-validator,mock,25,2538321,101532.84,53284,2131.36,1,20.82,16.426,A40DCA99DB10A5CDB933BED3783C3B0A7B40D23405DEB335DF377D56087109AD,0xd8f652dcb026d79cbe93b19f575fec486bdebd022698fb2846bab949fb4dd34d
25,d25-r2-relayer,mock,25,2559186,102367.44,53284,2131.36,1,15.094,8.343,667FB9C07D751C96CA6055F91B37E8A048BFFF4AF625B55F17B3C9D4B09FE7F1,0xd282ea730712d11fce09cd0fbe7c6b5abb73c66a4e9ff5d602afe7c9ac8374d3
25,d25-r2-validator,mock,25,2538717,101548.68,53284,2131.36,1,30.046,16.286,1EA3360D9514979C5C565B8CDEDE02029A490505D83D3D62A35C2D64097A03EA,0x36f2104e184bb0b599083aed8efc950cb29e1e06b2b996578ad008e95675aa3c
25,d25-r3-relayer,mock,25,2533581,101343.24,53284,2131.36,1,15.289,4.34,535526A11E1097B3FC6F322E6292024BD1BB6014585A42E90F68AFDCF8BF7D2C,0x94474201a260a4436e4c2451cf7f84bba7b61682e02ffe889ed25066975548c0
25,d25-r3-validator,mock,25,2538717,101548.68,53284,2131.36,1,17.466,12.374,863C8D21F526845AA888E0DC7B5A2E59675DC6E3B66960C958ADF750A98F146A,0x6047cc658113d8836c13b70f17e7bf2f82556aa66c31a5d122a63f25e97d31fb
50,d50-r1-relayer,mock,50,5129087,102581.74,105284,2105.68,1,3.639,4.326,B324B0DF0B30896E2851F01EC5A6221419C96DD0B98931FD8D43FAC8C383F4FF,0xaf084c60a308eaa9ed79e255268d89a217dd2d124531d29f003d9379076011ab
50,d50-r2-relayer,mock,50,5126339,102526.78,105284,2105.68,1,3.671,8.323,D86145BF0E2DDED90242F162C1A460B3ABF3938AE117624E91EA61560AA376F2,0x10a8f968603b686e104d28be308304927eb40f935c75f836dab7a1b13a1005ef
50,d50-r2-validator,mock,50,4991592,99831.84,105284,2105.68,1,27.221,12.556,341BAE8537D7AB69D3410AFC075F39501B94C557F41298A0A77AD167D5DD6F96,0xcd8f65220b7acef21815f34bedc08130160b5e1a76e97d9a96778a46645a90d4
50,d50-r3-relayer,mock,50,5129177,102583.54,105284,2105.68,1,3.658,4.315,04D2160ECBF1B4AC00C3145352C5ED7975E2FCF3E937C77F3225D80332A3B37D,0x0d7e3b3ef4ed5e2f3a23df86862c1a982e742f392927dc743c9dbf22eed3375a
50,d50-r3-validator,mock,50,4992360,99847.2,105284,2105.68,1,8.434,8.492,38DDCF1D7DA8F8D2A3A45A7262930739821743D156BF849249D5567EBB3EBDB0,0x71f21b2733f54e17c439a881511df48c8fb0806aa57d7e655b8ef324c1cdfafb
1,n1-t1-relayer-w0f0,mock,1,223210,223210.0,3364,3364.0,1,3.45,4.152,52AC432C04952673B3BB96FECED9EA2135D6BCE1AEC612433411E611658D39E6,0x073305355600803864084ad19ac5b14d97249a3d23249e3769641e92023fdb73
1,n1-t1-validator-w0f0,mock,1,223198,223198.0,3364,3364.0,1,3.254,4.151,C8750BB1F0BE6CECBE740EADFF4ED62CD5A5B447F2964EC8D13C88FF56DF3E4C,0xc7c2adfcd0e34881e144f01b2cce8da3e97630bf16d02ac171dd7ed6b029a45f
1,n1-t10-relayer-w0f9,mock,1,222934,222934.0,3364,3364.0,1,3.105,8.163,2442C26D1C5DF86DD14BFC2D6A8CED850F09D48A6E9BDDB08685EDEE0CB2B7FA,0x5e58298d05d492f4a5423b59b6f1a47d9c16b984f95bf3f9545fb5d378adb3f1
1,n1-t10-validator-w0f9,mock,1,222946,222946.0,3364,3364.0,1,3.172,8.161,7DB21DEB675B23BA2399020477DC9A416DFC349DBB1E79F517BE5620A2378457,0xa11a9307d3a0e7284073bf2b525694bb850c32d36c22029629798639cbc1e4ea
1,n1-t11-relayer-w1f0,mock,1,223210,223210.0,3364,3364.0,1,3.196,4.151,EB2366B6D0E9B75BFF78B595299F8E3E14C1E76FAF1FDF1882668CFDF416173F,0xde50fd7d92fa122896ae6a1bd2abe3aba9a2bbf96cb091bc5f921b7da10b44cc
1,n1-t11-validator-w1f0,mock,1,223210,223210.0,3364,3364.0,1,3.183,8.166,3FA7BDAA14790D588D84F1511784873E6CB8D7F6DF1D67684C50B5EF3E6BAC5C,0xbc282d3d7f57ce3cfcf3c024ffdb2511aba99a85575d2d16117d514c1ee61df5
1,n1-t12-relayer-w1f1,mock,1,222946,222946.0,3364,3364.0,1,3.057,8.162,0B860139166D8DC9A3278679868279B4FEB5A3A31B471CA028F49844F9C8549E,0x82d7ced3a1d86ca034d4ef26509f68e1b5fc0092d5fc9a8c39f44822da0f057e
1,n1-t12-validator-w1f1,mock,1,222946,222946.0,3364,3364.0,1,3.137,8.162,ABF9F363BC1944CE9A811DD4A4641C6E42C5432B4856BCE12DD04B86849C3C38,0x6eb3e7350620f5f6f62e04f0bea7f9a488eb2b7340b546def54df81ea9a18a20
1,n1-t13-relayer-w1f2,mock,1,223144,223144.0,3364,3364.0,1,3.124,8.163,9F4FB28B8B7068C0B8EBBF5BF31E28B02460806E69C0251DB23AFE36DBFA147B,0xf1295f36cda1d950047434cab637bd20d42d25006ec0dae4d42f6f29c69597e1
1,n1-t13-validator-w1f2,mock,1,223144,223144.0,3364,3364.0,1,3.18,4.149,3321854465FBBA480478D0E75D676C226B5602A1F7626FB55B0A3C95706105B2,0xf7d73da20dab49bd8f9587295f1cde8386cea5eff6f3cb5f7a3e8c7957754d9b
1,n1-t14-relayer-w1f3,mock,1,223012,223012.0,3364,3364.0,1,3.136,8.165,F24316C954FBB1EE6997049D1748BFB40C57FA549E4023EEC4E2855FB121E7F2,0xe8b51c36337a5cf4f042918ced5a542285e5aba3545cc807e5eae736c6e90863
1,n1-t14-validator-w1f3,mock,1,223000,223000.0,3364,3364.0,1,3.073,8.162,F26EB13337FD58583372CA61CFA456906EAA3C9712A4BA427D574158D47803B5,0x29d7ed423f6e8070053c8a0ee098c715980b7808ce03ad149fbd68a016a68651
1,n1-t15-relayer-w1f4,mock,1,223144,223144.0,3364,3364.0,1,3.2,8.163,2084B418999BF1B18ACDE11E752323A1FE3BF591E7E79598A8E122DA6F52CA91,0x303d4140f9f0ded3b482b36740ec1ad2c2a498c603136613487d269fab9c98db
1,n1-t15-validator-w1f4,mock,1,223144,223144.0,3364,3364.0,1,3.163,8.162,D1F32CBACF444321250A9B5DDC1A2BAE73C41C2B2EFA989114DC0A86EAC06E10,0xee5c5f375121ed72fe68df76440d66008336d7d9181f3ee9a331be7f20d62724
1,n1-t16-relayer-w1f5,mock,1,223066,223066.0,3364,3364.0,1,3.17,4.15,AF5333CD1DFA86357EE69EFB8981D05062505256B373AB8A2B37F4B3FDBB30D4,0xbe221e265433005c0f114a5475a3b91dbb6adb836319e6d2324fff95c5e1eb8f
1,n1-t16-validator-w1f5,mock,1,223066,223066.0,3364,3364.0,1,3.074,8.164,F4C22E66EF9708C9778422B1580ABE7D6559CF9F6151851EB1A2767552C34DF2,0x998ab882846262ad2b50bbae9547caa83f29c7b4c5dbcbb17fa41c6162a281c7
1,n1-t17-relayer-w1f6,mock,1,222814,222814.0,3364,3364.0,1,3.061,4.153,708E66087592DD8EFC04B611014CD2D338FA9030A736D1CCFE0013ECD9294E69,0x1ed9d9cc5930805b71319e198ce2ae2ad60b1dfca73730d64d08833c018bf64d
1,n1-t17-validator-w1f6,mock,1,222814,222814.0,3364,3364.0,1,3.128,8.162,47489FF70EED979443CC39056424BAD03C96EA1C2DC6BDDF559041255BE58AEB,0xd85dd5d9d6b5f13e2106846536c2e67111208cc28941648a5c1e492fe69e2e78
1,n1-t18-relayer-w1f7,mock,1,222748,222748.0,3364,3364.0,1,3.175,8.162,E64D90F9428316A83E38304AE693F6D5B495D5CE1BDF4D357E62591A005E230A,0x96e5c6c98c4da5d8d96e9eb785ea1df6c0cf76dfe4dadfc171a4c4d774250bfb
1,n1-t18-validator-w1f7,mock,1,222748,222748.0,3364,3364.0,1,3.09,8.163,7642F8571B98679721CD3A3068783533EA93764C6F4BA77B019A2D1540B207B9,0x96d63b26826e29bec0f93d58db3bf12242d11517df1feef8b7bc5f2afa7e0dc5
1,n1-t19-relayer-w1f8,mock,1,222880,222880.0,3364,3364.0,1,3.107,4.149,7BEB684EE2FDCA36CACC41BB2C56E1E88471F48D3FD8DD0915DEA3DA84A499FF,0x8080f7c48c685138f0f7078692485f23b9430ed3fc5b4f24574c5b5103451868
1,n1-t19-validator-w1f8,mock,1,222868,222868.0,3364,3364.0,1,3.102,8.163,80880F5434530F78EAACB51B6AFAE5CE08BC3F557863C887DEC2712C2F8591BE,0x0a4a34099e53e2abecc7d2b82a1c9826e94f9ba6d27a145352de3e6b10eb03e6
1,n1-t2-relayer-w0f1,mock,1,222934,222934.0,3364,3364.0,1,3.088,8.161,1238F890316823E94507486A643615C5EE4F22CEE0E29E8B6633854A0D908FAA,0x4ff615917fbc4ea98dc17f1bcfe0892dad05d01f9d948e08c0ba25716dd70524
1,n1-t2-validator-w0f1,mock,1,222946,222946.0,3364,3364.0,1,3.211,8.164,565D58B86D6B45DDA9271D12A729D3B945AB8B4B5EE9BBEBB898FEA5537A2029,0x4782f1103ad1db132be6fcc94d4fd0954a599bd3f4b3dc8fcb9d52d45cfe97c3
1,n1-t20-relayer-w1f9,mock,1,222946,222946.0,3364,3364.0,1,3.049,8.162,D17EBDCE6930C0892215A129C9A9859F7416471041F3F0BD6494D9948D8DE214,0xda80967b4af70f7b67be0621aefc7d59cbdd7c6226107d1f705b8a69ed09b2f9
1,n1-t20-validator-w1f9,mock,1,222946,222946.0,3364,3364.0,1,3.151,8.162,2AED68576911B2627C64C88DA9A948A4232F5E100B1867965E81B8F8B4B5EE35,0x3dc63b10dea849df581003ba9413958d77d4d4c6b43439458084cd3e2ce69ae8
1,n1-t21-relayer-w2f0,mock,1,223210,223210.0,3364,3364.0,1,3.146,4.149,60CFAEE9B62F6412478E316BE92D1FA0680EF9F0505FAF2E78AFB7B632D3A3EB,0x23e5b3887629ce1c7ee80afbf2542091e689e8bd8f49e81839adb613e24bafb4
1,n1-t21-validator-w2f0,mock,1,223210,223210.0,3364,3364.0,1,3.046,8.165,2E46BBD27DE37BA1F0FDE5AB8369FCFAA4C8917C64DC3DE86FC1790ED104BC8A,0x9b725fcc914a9d4f4b45aaff5e7aa6971f7e92a51776713ad7ded036ddbeb4a1
1,n1-t22-relayer-w2f1,mock,1,222946,222946.0,3364,3364.0,1,2.997,4.148,1D602FD287DC4C03E4D7E42A5DB30FE9C7D8DF8527CC0B8FFD26760351DCC78C,0x94cf7986fc0688d99e537564fa4dcc8c137196443adc091d6525100ff3af2a44
1,n1-t22-validator-w2f1,mock,1,222946,222946.0,3364,3364.0,1,3.184,8.163,E3813E90F1F05E9D40FDEBD5DDAF49DD3C6C5881CFAD9E2D78D00E56230BC626,0x9364f69af43f48099bf5db2ad536d81d9decbe41b6ea434bbfc9c61516000f75
1,n1-t23-relayer-w2f2,mock,1,223144,223144.0,3364,3364.0,1,3.099,8.162,BC92A21E390F44FE129259474DFC5D36639B5869F115BE73DAE76E7EFCCF2956,0x2c050bceb636d9de849f8fb1c876825b2482a408d171bbe346c1777fc1f0edfb
1,n1-t23-validator-w2f2,mock,1,223144,223144.0,3364,3364.0,1,3.023,8.162,AB70FC7D909E9FE2482C2C0DCF4975C0DB4C3FEB5318975A22711C63904861CB,0xfa3ce73cf07297060ebe14f254e8ea05b62b1533fb1736737b91600b88ce5e92
1,n1-t24-relayer-w2f3,mock,1,223012,223012.0,3364,3364.0,1,3.109,8.164,DCAE7141864E5773C6E48BF705A250B0E840C459747E5ECD3F613A8A43C20099,0xe66743702375d3ef408db4e22eb07daa2607cc9d1c934197271bfddbd95d94c0
1,n1-t24-validator-w2f3,mock,1,223012,223012.0,3364,3364.0,1,3.115,4.15,C7F9039031067F8E4E170414464B5F01C0F6F10D1E896294A9FFFEBB72243511,0xf605893cc189589cf8b5ed4a16ba57387fec5e065867f3c67042c97c5789e3b5
1,n1-t25-relayer-w2f4,mock,1,223144,223144.0,3364,3364.0,1,3.111,8.162,44329E7BAC3C19F438B2EF9F44CCC8C8E4066AA90DC9CADE25DC88721A831AB9,0x66196b125b1ba9eadbb18bc46e718dd82f7c5894c15f6955299edf7d6e285961
1,n1-t25-validator-w2f4,mock,1,223144,223144.0,3364,3364.0,1,2.967,4.15,2D66F460890629CFF101230A138EC68D87151F388B7D135196F7E4805A957542,0x68ac06059d3af203a783e66202b8a9a160dc4c59e4e8a2a6b05e2dbbf4c0e577
1,n1-t26-relayer-w2f5,mock,1,223066,223066.0,3364,3364.0,1,3.033,8.16,E16165DFCFA0B2060374DBA068392A17A655B317C83A2BE32228E188151C834B,0xffbfea48db54e2a3f7c0eed15492b681a25608fb84c290b3b9c06c777adc51b8
1,n1-t26-validator-w2f5,mock,1,223066,223066.0,3364,3364.0,1,3.1,8.162,35671BE1F1246A03778FB668009BE2B80B12758C245FC6402BBD74A29A265E76,0x165efcdcf3d3e457d995fd44a9913f6b8b96a853d20ff31c17fc87f00da2c8ab
1,n1-t27-relayer-w2f6,mock,1,222814,222814.0,3364,3364.0,1,3.022,8.162,BBCAA345AFB64247371F278448D31FCA36F49B9769DC3C4692413B8A5201D5A7,0x6d4008395707ec242aca9396f2e692358468f7f465dab0e0e3a0aef3a77285a6
1,n1-t27-validator-w2f6,mock,1,222814,222814.0,3364,3364.0,1,3.003,8.161,BA4B36984058B9924D8A4BA640E94569A3A805F6AE77A24592ED4F080F72ED28,0xf871eddd4016e503891926992fe174bf4f986b2f82e91af4097d94b67a1b005b
1,n1-t28-relayer-w2f7,mock,1,222748,222748.0,3364,3364.0,1,3.207,4.149,78CF4F080D47C2DEA893F9767D3ABAB3D477FBC31E6A8873A09F90E0075F3CCE,0xf27893b3a1e3ebcdf7c6dbf7986133294e45e132715431ba0de20a645dbaf753
1,n1-t28-validator-w2f7,mock,1,222748,222748.0,3364,3364.0,1,3.178,8.162,C53F6E42848DC9290B71515DD90358F6D9CAB7B93983615B5D9D854784240DC4,0x2582e06e377f95edc798e18e8012f0b248d16176ebc08c6341dea097dc6fcfe1
1,n1-t29-relayer-w2f8,mock,1,222880,222880.0,3364,3364.0,1,3.089,8.162,DAB95BF05E36D4C97E64477F513FF21DCFFCB80A763F264715797087205883EE,0x0520e3c7e509e2431fd011a01baedbc1abd0c9a66ecb751091700f31efbf9abf
1,n1-t29-validator-w2f8,mock,1,222880,222880.0,3364,3364.0,1,3.011,8.162,09671C5FE05087A812F81757D9FFD014A167329773B7948290AF2A4D43233CB3,0x33e7eb094bdcf5702a7c6c1b0964e05258852abbe5f3ad08ce1116a9af5e5d56
1,n1-t3-relayer-w0f2,mock,1,223144,223144.0,3364,3364.0,1,3.209,8.16,185B2BDF40770389DA643F716564DEF9C256B1BDAF4B5D565CE2FEE9CCFC0028,0x626df1d33bd532da78b2f40e75ffedb33dc17bede3bf457166e438dc2fa36ec1
1,n1-t3-validator-w0f2,mock,1,223144,223144.0,3364,3364.0,1,3.131,8.165,8E8E1B0E18CA7F4AB3DFE0F21FC1F8180A6DA941BB47FE8B6FE33600F9ACF480,0xed75f684114657285e5ea5ca9ad4d2395f55a710ad1195beb23155fd8a93557e
1,n1-t30-relayer-w2f9,mock,1,222946,222946.0,3364,3364.0,1,3.249,4.149,5960E1DBE7238EB19222C86263F30070385809BC201B06B883CC35EBC5F5080E,0x63468b99d312ba586c15ee4999349ed417ab7acd0690cd594b96791a5a919d77
1,n1-t30-validator-w2f9,mock,1,222946,222946.0,3364,3364.0,1,3.049,4.149,85F6E68F142C872562F53FC8CCAE6F2E461F0B6B297A6F2D62C66B558297C22F,0xd91401400d7be8e5a7deffb6964e14f077fb69163a2985521e16aa78e8cd0218
1,n1-t31-relayer-w3f0,mock,1,223210,223210.0,3364,3364.0,1,3.103,8.166,E608DCAF9EDF99D0B9B02DB2900BCAFD658A271AAA376B8CC6E9A8E72E44E03D,0xf9a35f3b36753a9507c63cd2975f9a82206fc61c82e052fe1ab37794c656dc00
1,n1-t31-validator-w3f0,mock,1,223210,223210.0,3364,3364.0,1,3.148,8.163,D31397685879D955A72065A6A88ACE1DDC0912AF0C96E5E246542B8D4B986E05,0x33db65f0faa79d8cfd766fb53f02cdf5c8ac900c5dfcfad4a678d2e8626430a7
1,n1-t32-relayer-w3f1,mock,1,222946,222946.0,3364,3364.0,1,3.027,8.162,FAD22565849C070AE44E387E2470B0B9DF5E57D73DEE26D2EBF6CC17261F6CD7,0x759222d25eb77491edf1761a3d19cd04e4d86721ac32ad6bfd5e153c12be6e0e
1,n1-t32-validator-w3f1,mock,1,222946,222946.0,3364,3364.0,1,3.042,4.147,6A9B1366464E81E4DDA3A7E403AE7637887628867B7F0E9A0F36B81854B7DC0D,0xbed34b3532d2e79b1609591aa1f0691f77a2910c86166cd2919c4cc886d4e0b1
1,n1-t33-relayer-w3f2,mock,1,223144,223144.0,3364,3364.0,1,3.077,8.163,8173E885993179B50DF3B7EDE639B3802AC1768CB95429C339AAE298C824DF9B,0x13e23fa144775b651b3c952238c244aaf57a63f7c03e30b6dab5a43dc33c2fef
1,n1-t33-validator-w3f2,mock,1,223132,223132.0,3364,3364.0,1,3.199,8.163,7D69A0BCD7981305E1F27A9BF842F0C4BAF9DC3C8D08866499792CDB2C946D0F,0x57bca0ff525eb17c6673f63b3db3e0aabd7b18e0bfc575cb17e46acd2fbd68c3
1,n1-t34-relayer-w3f3,mock,1,223000,223000.0,3364,3364.0,1,3.083,8.161,AD430DDC884885CA00110C07009C062A84EBA506E359E53B59586280B641CDF5,0x5cd76b195016326c23ff1c9e0f13c57fb521d5a380517035d713ec47591fdb51
1,n1-t34-validator-w3f3,mock,1,223000,223000.0,3364,3364.0,1,3.186,4.158,2500D81F0BA843D65335479B0E5451D9254832B292CA435BC3FB58F06EFE942B,0x64d9a559154c9311a9f149ebd1f97a442cc0c0bfa8da0e4a8098524010b4816f
1,n1-t35-relayer-w3f4,mock,1,223132,223132.0,3364,3364.0,1,3.224,8.165,4F93D0618236CC629CA2361BDD40F7045AFC4525AB9306B3F3E3475014A0C0BC,0xa0c23ededf0868f1afe35aad2a27dbf3ad97d1a4d5306192163aee0609a60e52
1,n1-t35-validator-w3f4,mock,1,223144,223144.0,3364,3364.0,1,3.149,8.16,EDB700029098ECBDE6F93B59B58DF9F779AB3874C64F64AB672A4FA35EC86740,0xc120929083d97540362b022c9d06066def70d86e002841c5751623fe540070f2
1,n1-t36-relayer-w3f5,mock,1,223078,223078.0,3364,3364.0,1,3.08,8.163,4197BBBD37DD56104CDF7FFCF38C7F4F828728B3AA7D8A4BD4FD334281009D19,0x08754d592de279cd6983f931e52f5ee6b8a198a2e28578b4b2280befa83efa88
1,n1-t36-validator-w3f5,mock,1,223066,223066.0,3364,3364.0,1,3.079,8.163,387BF99AA8210EC615CE21C7D9D33F9D5AAAB3AFE124718227829490CFFFCE3E,0x1c51f623e97b87b20035c6bcee86731cdfbd9f47c522eff5ea43c20afa28847d
1,n1-t37-relayer-w3f6,mock,1,222802,222802.0,3364,3364.0,1,3.106,4.149,3A1091CDA217B4B649B61D897CA9C1A83F370F36986BDC56C7822F4A1ED3C1BA,0x18e824f92eb5da39aa42622aeb955d438f84becfaff42affa170aa07f41f9c1b
1,n1-t37-validator-w3f6,mock,1,222802,222802.0,3364,3364.0,1,3.164,8.163,4EE74EF2D7200F2641E9281585EF77D0A0386309BF699ABEDFE8E0CD0684C67E,0xc76a9a0e38249e1c9e6266454b489aacd02701a090e977b9303feb2e43951618
1,n1-t38-relayer-w3f7,mock,1,222736,222736.0,3364,3364.0,1,2.98,8.163,7DD80A7C52C136E1C97865F7352FECD2DBFA0968959BB2E344281913289B4E94,0x2b4aeae44242d30b635f125e0f3398e7a9b59b7030ab0ed2bf0f9f3f09723c7c
1,n1-t38-validator-w3f7,mock,1,222748,222748.0,3364,3364.0,1,2.975,8.161,ED970FAB85C2043DEB2A31FF064B1D6353342F43E6BDF4392378ECD840EABA6F,0xbba1a433291fbd0f6ede89ed868d99dd0bf719803eeee7a119518801ee97f0a4
1,n1-t39-relayer-w3f8,mock,1,222880,222880.0,3364,3364.0,1,3.096,8.163,199F4826CA02BFC1A148AF98BC99BB2368DF9AE5772E8A6E31C5F113C16A8214,0x62004230f76459052a8aad8e3205918c3c841019a080e5770eb76c0a64018705
1,n1-t39-validator-w3f8,mock,1,222880,222880.0,3364,3364.0,1,3.213,4.147,90112FDB2BD9DD01AE55AC3084D3FBBDB4EB3648FB249DF6E66792889B9D7502,0x43ba9b3794124cc659aac1e7b03ca0de907d468317b1cdb61304b21bc0c1fe21
1,n1-t4-relayer-w0f3,mock,1,223012,223012.0,3364,3364.0,1,3.084,8.174,8E4A2107B48CE4EF722D61E89DF2C4BDD6D36543278AADC9330A546ED4926BD4,0x1501e127e3d51e218738afa5a35e7abbc0d739f6821c852cfb5bc82f96de76db
1,n1-t4-validator-w0f3,mock,1,223012,223012.0,3364,3364.0,1,3.143,4.15,1409947D0A4CD8548015B7961B8F7C5C8F7911171E82E1BAFA57AFCF5BD8023D,0xe88f40c62dd83855766ca589f3240f3a80b4c8106ed10137eb7c823ac50b587b
1,n1-t40-relayer-w3f9,mock,1,222946,222946.0,3364,3364.0,1,3.197,8.163,117CA6A18E828ED9D7F3A711FF02D91E7A341C8773F939D90739858A5E1B43EA,0x3a0192b0f824b5b2d6a75dab545fa6d391f6ae981c7204e6f160cad676244139
1,n1-t40-validator-w3f9,mock,1,222946,222946.0,3364,3364.0,1,3.174,8.166,CD2B2BB3B8F9CEB902459344C387D727D152DBF94959AE69EEBC92E359766604,0x25e6f9e7101b8f61ede2fcc30519d7a7b2a51d759d6f3cf03658b1ad165fd9e4
1,n1-t41-relayer-w4f0,mock,1,223210,223210.0,3364,3364.0,1,3.273,8.166,2E9DA83D7347E1526B999C12B9B2CEE6545C21396CCB6A79517B39A1D91DACCB,0x6b4bb09e32df32bfa698098065115731e77dd9b34bb337ef8814984356876ef1
1,n1-t41-validator-w4f0,mock,1,223198,223198.0,3364,3364.0,1,3.041,4.15,2BEBF5F45133FABFDC135574D66D93682D4C957BD15782296F30FD5F3D4864E8,0xd50b0ded6e48510e233359200b35a2b79f4bb593f6d9387913ee34f472f1e4ed
1,n1-t42-relayer-w4f1,mock,1,222934,222934.0,3364,3364.0,1,3.138,8.167,DEB6649F74FBA98C75CDB14F7C3855078A10C208B1EECAB5E8456E861F2164E1,0x5976731960319bd7047c0294cec0088f493a97d8db665247d537a7e5d90c08e7
1,n1-t42-validator-w4f1,mock,1,222946,222946.0,3364,3364.0,1,3.123,8.161,5DF8EE2CDA1986164A56DCE30C63C465F587AE1E2ADD6E4F40821A5D3AADA22A,0xceeb45bc37b344a04c199c53b19ce791027e43d96a121b850e5acce85894d213
1,n1-t43-relayer-w4f2,mock,1,223132,223132.0,3364,3364.0,1,3.106,8.162,EA9CA85E771CA9FFAA09479BBA227A538B982B401C3D8D85ECAFF1D5118C8420,0x8574e173906a07e235d1790d5d8fbfdad213f46b19787a4f55fc239b2a8eff2a
1,n1-t43-validator-w4f2,mock,1,223132,223132.0,3364,3364.0,1,3.087,8.162,70CF2A7C88711DC03F069EC0235325335BB34107D43C281C53AE2AADD4EB2984,0x5b1c16fcaf201315de89e97f25bb16c7b3b6e0f750f125466c6e350919ec0565
1,n1-t44-relayer-w4f3,mock,1,223012,223012.0,3364,3364.0,1,3.119,8.161,F8C54373CDA390377F8138A825418A0A9B06FE17281AA1E25C4153B9928606F2,0xeddb8fa279c09e2bd72454737b82b33185707e39e8069610a2c8be2db76c6555
1,n1-t44-validator-w4f3,mock,1,223012,223012.0,3364,3364.0,1,3.217,8.163,CBF26F233717A6E422B844F6D81FBA05BBF70817BE75CD38D687EB2E7ECEFF22,0xd44c8de23cf46b9c365bfe4c10e055309d52e18c49d30eaef85b0ccee5148252
1,n1-t45-relayer-w4f4,mock,1,223144,223144.0,3364,3364.0,1,3.166,8.162,67359062B6F3192D446C70D907720CB85DB118D727BC2056F8D6184D66B1EA0A,0xc8fe53d15afd8381c8fc25eb0423f283d6052b366bcc1463c006a10eb4b1e2ec
1,n1-t45-validator-w4f4,mock,1,223144,223144.0,3364,3364.0,1,3.123,8.161,065087FD62AEF18C1C6D2B7EE93E83B291F0E7B157895CC802BA8D87086DA3FD,0x79d0d8daa9299439586580083ad9aa1b0dc009cb2a8eabf024691726aea1f34c
1,n1-t46-relayer-w4f5,mock,1,223078,223078.0,3364,3364.0,1,3.083,4.15,76006788C3A0FA296016CE93B442957249CC2B37F4A2DC3577250FC490196CD7,0xa040ba0e1ba4514d881ea348796b22e2410cbb5332ae27ca6011f7d298804da9
1,n1-t46-validator-w4f5,mock,1,223078,223078.0,3364,3364.0,1,3.167,8.164,A42B0CD1A8BECCC3AF90A8FF400E60CC7510FB15A092233F57D73D69E2E2A8D0,0x76bf063b21958ed1d7e1ca764fd31465a2b5a594509eaec707fe34b6c7e77dd2
1,n1-t47-relayer-w4f6,mock,1,222814,222814.0,3364,3364.0,1,3.16,8.162,0CD352954655D21199C18AF17DED1BAAACEADD0B9161D91F51B350DA39E9BD20,0x24b1bf37ec28a2a5072bafa4ed42de211b69e4275febc10170cabddb980453c8
1,n1-t47-validator-w4f6,mock,1,222814,222814.0,3364,3364.0,1,3.209,8.162,DB7E090B11CEB5D0EDAFF66CB8DC11982162DC624F1D3D9FA14BB384DD4BEF07,0xefc14e4ce45b24e26f53cc1ddbf8f555e074b6b9c3edca0524f52bd719984410
1,n1-t48-relayer-w4f7,mock,1,222748,222748.0,3364,3364.0,1,3.149,4.147,4724CB562EA751EB4A167A3855B80052684028B8DBDA849C4B13FE4045AE02D0,0x6bad8141095b9b4ad654d3e9790ae477c75219a5d9f46dcf32849379d3c277f2
1,n1-t48-validator-w4f7,mock,1,222748,222748.0,3364,3364.0,1,3.112,4.148,3579EE24560D5FE1AC08FFA7C05E33A98BD31E6F2198256F5D94D7CDCDC4E5CC,0xd41e47f9bf5e2a38715ec97df11b0431edd8f4f5227b360eef673197af276010
1,n1-t49-relayer-w4f8,mock,1,222868,222868.0,3364,3364.0,1,3.147,8.162,4326D7140B6B6B0BED19F40907EAB49E55FFD0824EF897C4127DAE8690A47793,0x0415a90b60a722da92cfb1dd662eef82054a852f9f351cb35b8aa2ce3a591e47
1,n1-t49-validator-w4f8,mock,1,222868,222868.0,3364,3364.0,1,3.077,8.163,1AC1A658BD06D53F82419411D18A5ED1342FA2BD5ABC0AD2DCABCFD9CD6A33F0,0xc6f905dfc6aeb80793087d43b88c52b96c94799d55f36c4a0d87d9f5b0273e3d
1,n1-t5-relayer-w0f4,mock,1,223144,223144.0,3364,3364.0,1,3.084,4.147,CA7259126F5A13B0375693BBD5680B50B6A628F6B4BFA5B84B038C712861B9CF,0x20f29ecda2a79568fe2a4ae4156281399fd16a0d1e9feb23875ef2006f00522f
1,n1-t5-validator-w0f4,mock,1,223144,223144.0,3364,3364.0,1,3.158,8.163,8CEE0A555532CD1378C75681B0354737C1D62E4CEE1F2484F58183E77D10B4FB,0x9ad0c4c1471e29e5fea22115566e2128158e257ad06d6a49c247bf6e216e5f2b
1,n1-t50-relayer-w4f9,mock,1,222946,222946.0,3364,3364.0,1,3.104,8.165,397EDFA4F4889CC37D11F97995A8828453AE4FE2D433DEE3A05DB3A21658DDDF,0x67f77789ac333cb2dfe345ffefadb46e6c1fddd38d00abf4cf9c208ec93b04a1
1,n1-t50-validator-w4f9,mock,1,222946,222946.0,3364,3364.0,1,3.167,8.167,C92A58D90CA2C2B25973E9863D5ECDA862B28349602AFBA61546A504C61769D0,0xcaf433546d40641f28f64b2a3ab2828b485e2c8939eead1de1fdcbc937187227
1,n1-t51-validator-w5f0,mock,1,223210,223210.0,3364,3364.0,1,3.115,4.152,B0FE60BBF16BADF0B17FDCF37E58F6F97017F869779CE107BE8125228A449C32,0x05e81f62944fcb433d44e983159729ac23cc732c48da919e36264d1e64437a13
1,n1-t52-validator-w5f1,mock,1,222946,222946.0,3364,3364.0,1,3.095,8.163,D9674B969CC4E8B6FCE0FF009705D324D7F12D621B8F7404E5ABFA36CEEC006B,0x106add2675e9436ec814e995e39e35302c32a9fe0784f3364650a8897bb16c24
1,n1-t53-validator-w5f2,mock,1,223144,223144.0,3364,3364.0,1,3.154,8.163,3F7F9FC31FCD9967704B570A54CDFEEC32B0BEFB6DECAEA49E9223952ED17245,0x1ecb784e1db0f6ea29a64c6877f847c2f4ce3c9c4b4901344a796fdc32abfb78
1,n1-t54-validator-w5f3,mock,1,223012,223012.0,3364,3364.0,1,3.141,8.163,929A0AA4DB8D41DA01BC16727188CEC06E31E69318B876B7B700A411D32A6099,0x89c18a1be8e47fff501538e05297554ea30ceb22d7d3f421a05bfb1d2855c930
1,n1-t55-validator-w5f4,mock,1,223144,223144.0,3364,3364.0,1,3.052,4.15,52DCCFFD9CEDE1E9B8397C7BDA2322DCDF0DFF72C2C3DD90304F97FCF915CBEF,0x7f9941d69d9527c15f47899bf6e29c26682812aee4e22830e7ce251bbbbafceb
1,n1-t56-validator-w5f5,mock,1,223078,223078.0,3364,3364.0,1,3.105,8.162,3083A72723D179CAF69F4832CAB2FBE275AD44BA968485B5B81DFA3559B9690A,0xf1acc673ecfddcac5f7c849999136542e5702b433faf77a348f88c441b3739b4
1,n1-t57-validator-w5f6,mock,1,222814,222814.0,3364,3364.0,1,3.184,8.166,A5C758B0D1F4724AA0CB52960A4ADD8B02CC27A3618795AAAF501B79B3DF9211,0x5208738a8bb762d7c47ac1d58cf369e878ef0390226ae06f3c61f67cf86a3812
1,n1-t58-validator-w5f7,mock,1,222724,222724.0,3364,3364.0,1,3.092,8.165,E74F97E0CEFF2B77554BD7A4F3ADD3CF574CF5AEAA6F941357E33227F1BB3F91,0x1c9086503638be103f2f406310313860de61c38df2cfa8c7dd0fc09cf6824e47
1,n1-t59-validator-w5f8,mock,1,222856,222856.0,3364,3364.0,1,3.036,8.164,7932EF4A7D6BA8B251CD58504E58B05C189E4E29E553A7475D283D8EB9991299,0xf8e8e43ba25c533d1fe29d6a8c1e9c81a076cbfbe90b6b2e67089d3e3fe5936e
1,n1-t6-relayer-w0f5,mock,1,223078,223078.0,3364,3364.0,1,3.17,4.15,7D26D77EC45DDAE6A19130C72050FA7F2D1CAF631E0DC20C5B9D3DAF3B9DCDDD,0xddde7723533902dc3ec6fcbac50bfb315547f8910ae0fb496948121109c6143d
1,n1-t6-validator-w0f5,mock,1,223066,223066.0,3364,3364.0,1,3.155,8.165,991F9E35A9FE4B8B93BD198E441CC9DAFCDA466BF2212FECC823B4EA16FA89AB,0x958f02a4b7b4019ccfd2d3dabf0f3beef5258796633cff3db3990fef6e62f85d
1,n1-t60-validator-w5f9,mock,1,222934,222934.0,3364,3364.0,1,3.047,8.164,D19BE5578F1F17B4BA6910A03157A0D74131C6979AFE032C5EC3FE8D4C3F1A6D,0x51432a2228c46523bde07bfb3970be735af0e8cf659a951b0edb9afcdf14f6c4
1,n1-t7-relayer-w0f6,mock,1,222814,222814.0,3364,3364.0,1,2.995,8.166,B60C6B073C6E5006C75866F8B894B49A4C8C128E6C8B3FD17BB24B1869AA9410,0x9b69d3f25ea419d12c3221154ea51a55a1b96d125a8f9328fa4e19788f9f3fea
1,n1-t7-validator-w0f6,mock,1,222802,222802.0,3364,3364.0,1,3.205,4.149,7145D5999E1DAA98B0F2FE488936B329705847FBB84DCBB300DBE132414DECDE,0x5844a8ad425de87ce5c88244e1a784a58de3bd0cfeefc83d123e7fba607e2704
1,n1-t8-relayer-w0f7,mock,1,222736,222736.0,3364,3364.0,1,3.2,8.164,06C9D4A57CFA73648BB4C51A3766593CDAB9CE7493C66040586484822F27D135,0x0f8aae1383791e15e505d841d6567e72a96803ab0c82c1115ee978620333bc1f
1,n1-t8-validator-w0f7,mock,1,222748,222748.0,3364,3364.0,1,3.094,8.163,CC87464F5A5214AAB11536E0F287855E9102DF98EFB70888475983FBB5BC98F5,0x7dbee1d2de518c27ddc6a058c97b7274357df8b3f6ed0f6cd70965d14dcb5054
1,n1-t9-relayer-w0f8,mock,1,222880,222880.0,3364,3364.0,1,3.067,4.151,A97C12099D3F373021B5DFF38E2DC06DE2B0BC0D67D1987F7C21C0EC18EB6192,0x637e8a6cb02a00cc24d4dd95a1816a31662c61feae85bb2069c102fc2c2e6a95
1,n1-t9-validator-w0f8,mock,1,222880,222880.0,3364,3364.0,1,3.191,8.164,ECFA7405CA1C28E0E7741633AA609DFA3F81F5DD5E641766666485DA0B9CEBCA,0x8d47bcd0aa3a48a57f79042d3bcd6f9f9f4500e13b237234085aed95e7bee8c7
