burst_n,repeat,seq,status,window_id,submit_ts,commit_ts,credit_ts,ack_ts,commit_latency_s,forward_latency_s,roundtrip_latency_s
10,0,0,acked,0,1787685608.5408583,1787685656.1153708,1787685666.1872025,1787686159.8252754,47.57451248168945,57.64634418487549,551.2844171524048
10,0,1,acked,0,1787685613.4298756,1787685656.254289,1787685678.9887342,1787686165.421029,42.82441329956055,65.55885863304138,551.9911534786224
10,0,2,acked,0,1787685618.3559184,1787685656.3914337,1787685693.859308,1787686168.5881836,38.03551530838013,75.50338959693909,550.2322652339935
10,0,3,acked,0,1787685621.301803,1787685656.5228744,1787685710.6505973,1787686171.850441,35.22107124328613,89.34879422187805,550.5486378669739
10,0,4,acked,0,1787685626.1347256,1787685656.6583242,1787685721.6865473,1787686177.2980418,30.523598670959473,95.5518217086792,551.1633162498474
10,0,5,acked,0,1787685630.977131,1787685656.7925076,1787685734.4968438,1787686182.8381135,25.81537675857544,103.51971292495728,551.8609826564789
10,0,6,acked,0,1787685635.9036112,1787685656.9405794,1787685745.4695904,1787686188.2968318,21.036968231201172,109.56597924232483,552.3932206630707
10,0,7,acked,0,1787685643.0472317,1787685657.0814943,1787685762.2571902,1787686344.6864898,14.034262657165527,119.20995855331421,701.639258146286
10,0,8,acked,0,1787685647.9560313,1787685657.2246983,1787685777.2520654,1787686348.0357249,9.268666982650757,129.2960340976715,700.0796935558319
10,0,9,acked,0,1787685651.1103158,1787685657.3630216,1787685790.0375826,1787686353.2850952,6.252705812454224,138.92726683616638,702.1747794151306
10,1,0,acked,0,1787686353.4619007,1787686401.6613,1787686417.6399007,1787686927.096818,48.19939923286438,64.17799997329712,573.6349172592163
10,1,1,acked,0,1787686358.2243454,1787686401.7867827,1787686430.358998,1787686932.3390014,43.562437295913696,72.1346526145935,574.1146559715271
10,1,2,acked,0,1787686362.978188,1787686401.9101846,1787686440.7749076,1787686937.5291388,38.9319965839386,77.79671955108643,574.5509507656097
10,1,3,acked,0,1787686367.7182484,1787686402.0428386,1787686453.4529927,1787686942.7980483,34.32459020614624,85.73474431037903,575.0797998905182
10,1,4,acked,0,1787686372.4929376,1787686402.1715596,1787686466.142528,1787686948.015959,29.678622007369995,93.64959049224854,575.5230214595795
10,1,5,acked,0,1787686377.2536898,1787686402.297551,1787686476.9030428,1787686953.2328482,25.043861150741577,99.64935302734375,575.9791584014893
10,1,6,acked,0,1787686380.1279345,1787686402.422391,1787686489.592255,1787686956.26107,22.294456481933594,109.46432065963745,576.1331355571747
10,1,7,acked,0,1787686384.9679115,1787686402.553447,1787686500.2938125,1787686961.4139304,17.585535526275635,115.32590103149414,576.4460189342499
10,1,8,acked,0,1787686389.7869637,1787686402.6886544,1787686512.9836128,1787686964.463865,12.90169072151184,123.19664907455444,574.6769013404846
10,1,9,acked,0,1787686394.6234808,1787686402.8115108,1787686525.6618795,1787687116.5290055,8.188030004501343,131.03839874267578,721.9055247306824
10,2,0,acked,0,1787687116.743906,1787687164.5818143,1787687172.1531532,1787687693.7025502,47.83790826797485,55.409247159957886,576.9586441516876
10,2,1,acked,0,1787687121.5014133,1787687164.7006626,1787687184.847595,1787687698.8742275,43.199249267578125,63.34618163108826,577.3728141784668
10,2,2,acked,0,1787687126.2906256,1787687162.660213,1787687199.4295256,1787687704.0545187,36.369587421417236,73.1389000415802,577.7638931274414
10,2,3,acked,0,1787687131.0609255,1787687162.7795854,1787687208.1069963,1787687707.0635018,31.7186598777771,77.04607081413269,576.0025763511658
10,2,4,acked,0,1787687133.7047923,1787687162.898747,1787687220.7827132,1787687712.2409694,29.193954706192017,87.07792091369629,578.5361771583557
10,2,5,acked,0,1787687138.4934697,1787687163.013844,1787687235.2572148,1787687717.408367,24.520374298095703,96.76374506950378,578.9148972034454
10,2,6,acked,0,1787687143.2430446,1787687163.1335547,1787687247.9656672,1787687722.6218548,19.890510082244873,104.72262263298035,579.3788101673126
10,2,7,acked,0,1787687148.02195,1787687163.2557724,1787687262.543909,1787687725.6601768,15.233822345733643,114.52195906639099,577.6382267475128
10,2,8,acked,0,1787687154.9364884,1787687163.3736796,1787687275.2324293,1787687730.8715534,8.437191247940063,120.29594087600708,575.9350650310516
10,2,9,acked,0,1787687159.6930602,1787687163.4891307,1787687289.777499,1787687733.7787845,3.7960705757141113,130.08443880081177,574.0857243537903
10,3,0,acked,0,1787687733.9504857,1787687781.7315142,1787687805.3569272,1787688270.4782631,47.781028509140015,71.40644145011902,536.5277774333954
10,3,1,acked,0,1787687738.699916,1787687781.8439386,1787687818.0554676,1787688275.6529129,43.144022703170776,79.35555171966553,536.952996969223
10,3,2,acked,0,1787687743.4745421,1787687781.972142,1787687832.6051784,1787688280.8606575,38.497599840164185,89.13063621520996,537.3861153125763
10,3,3,acked,0,1787687750.405438,1787687782.1067092,1787687845.3006644,1787688283.9110932,31.701271295547485,94.89522647857666,533.5056552886963
10,3,4,acked,0,1787687755.176072,1787687782.226836,1787687855.7509449,1787688289.0856218,27.050764083862305,100.57487297058105,533.9095499515533
10,3,5,acked,0,1787687759.9276407,1787687782.3407629,1787687868.4765646,1787688467.9725633,22.413122177124023,108.5489239692688,708.0449225902557
10,3,6,acked,0,1787687764.7080905,1787687782.4656136,1787687881.1833262,1787688470.9711146,17.75752305984497,116.4752357006073,706.2630240917206
10,3,7,acked,0,1787687767.2715504,1787687782.6001215,1787687895.6751597,1787688476.2054467,15.328571081161499,128.40360927581787,708.9338963031769
10,3,8,acked,0,1787687772.0646455,1787687782.724912,1787687904.3631587,1787688481.4200962,10.660266399383545,132.298513174057,709.355450630188
10,3,9,acked,0,1787687776.8280482,1787687782.8413842,1787687914.8613384,1787688486.618435,6.013335943222046,138.03329014778137,709.7903866767883
10,4,0,acked,0,1787688486.8074417,1787688532.135274,1787688541.887019,1787689038.0092824,45.32783222198486,55.07957720756531,551.2018406391144
10,4,1,acked,0,1787688491.5885513,1787688532.2573109,1787688554.600281,1787689043.2104526,40.66875958442688,63.01172971725464,551.6219012737274
10,4,2,acked,0,1787688496.3638833,1787688532.3775556,1787688565.0931275,1787689048.412767,36.01367235183716,68.72924423217773,552.0488836765289
10,4,3,acked,0,1787688498.7645621,1787688532.4992893,1787688577.811372,1787689053.5885777,33.73472714424133,79.0468099117279,554.8240156173706
10,4,4,acked,0,1787688503.5242481,1787688532.6209855,1787688590.5179284,1787689056.4232,29.096737384796143,86.99368023872375,552.8989517688751
10,4,5,acked,0,1787688508.2998757,1787688532.743383,1787688600.9903004,1787689061.5943117,24.443507194519043,92.69042468070984,553.2944359779358
10,4,6,acked,0,1787688513.0773299,1787688532.8644388,1787688613.6893668,1787689066.7951608,19.787108898162842,100.61203694343567,553.7178308963776
10,4,7,acked,0,1787688517.8419664,1787688532.982656,1787688624.128083,1787689071.9777179,15.140689611434937,106.28611660003662,554.1357514858246
10,4,8,acked,0,1787688522.6406379,1787688533.1009743,1787688636.8223445,1787689226.8993769,10.460336446762085,114.18170666694641,704.2587389945984
10,4,9,acked,0,1787688529.530078,1787688533.2203028,1787688649.5398536,1787689232.0667431,3.6902248859405518,120.00977563858032,702.5366652011871
1,0,0,acked,0,1787679917.6964605,1787679920.9057827,1787679939.0718915,1787680390.2751746,3.209322214126587,21.375431060791016,472.57871413230896
1,1,0,acked,0,1787680408.569436,1787680411.5059433,1787680425.5464327,1787680967.3351252,2.936507225036621,16.976996660232544,558.7656891345978
1,2,0,acked,0,1787680967.6038625,1787680972.6608906,1787680988.4195085,1787681542.412063,5.05702805519104,20.815645933151245,574.8082003593445
1,3,0,acked,0,1787681542.6639738,1787681547.714217,1787681564.5595613,1787682119.7851818,5.050243139266968,21.89558744430542,577.1212079524994
1,4,0,acked,0,1787682120.031238,1787682123.3715768,1787682140.155506,1787682695.0466523,3.340338706970215,20.12426781654358,575.0154142379761
20,0,0,acked,0,1787689232.2902567,1787689324.9555686,1787689333.6221535,1787689804.5130608,92.66531181335449,101.33189678192139,572.222804069519
20,0,1,acked,0,1787689234.799481,1787689325.0773559,1787689346.3036537,1787689809.6658957,90.27787494659424,111.50417280197144,574.8664147853851
20,0,2,acked,0,1787689239.5610933,1787689325.191437,1787689356.7509077,1787689814.819754,85.6303436756134,117.18981432914734,575.2586605548859
20,0,3,acked,0,1787689244.3738537,1787689325.3107855,1787689369.4349575,1787689819.9693081,80.936931848526,125.06110382080078,575.595454454422
20,0,4,acked,0,1787689249.1444595,1787689323.2393072,1787689387.8652828,1787689825.2559671,74.09484767913818,138.72082328796387,576.1115076541901
20,0,5,acked,0,1787689253.9146144,1787689323.3553088,1787689400.5600133,1787689830.3767133,69.4406943321228,146.64539885520935,576.4620988368988
20,0,6,acked,0,1787689258.6961393,1787689323.472201,1787689413.251622,1787689992.3387485,64.77606177330017,154.5554826259613,733.6426091194153
20,0,7,acked,0,1787689263.429622,1787689323.5863585,1787689423.6832583,1787689997.477281,60.156736612319946,160.25363636016846,734.0476591587067
20,0,8,acked,0,1787689267.9982424,1787689323.7012002,1787689436.4243731,1787690002.6790698,55.70295786857605,168.42613077163696,734.6808273792267
20,0,9,acked,0,1787689272.7499847,1787689323.8077295,1787689446.8377285,1787690007.8987513,51.05774474143982,174.08774375915527,735.1487665176392
20,0,10,acked,0,1787689277.4999268,1787689323.925137,1787689459.5193982,1787690013.0635424,46.42521023750305,182.01947140693665,735.5636155605316
20,0,11,acked,0,1787689282.2621381,1787689324.040181,1787689477.9763107,1787690015.7876081,41.778042793273926,195.71417260169983,733.5254700183868
20,0,12,acked,0,1787689287.0289743,1787689324.1570404,1787689490.6829066,1787690020.9507315,37.128066062927246,203.65393233299255,733.9217572212219
20,0,13,acked,0,1787689291.764771,1787689324.2719717,1787689503.3826358,1787690023.995229,32.507200717926025,211.61786484718323,732.2304580211639
20,0,14,acked,0,1787689294.1794538,1787689324.3761668,1787689513.7821734,1787690029.182612,30.196712970733643,219.60271954536438,735.0031580924988
20,0,15,acked,0,1787689298.9064143,1787689324.4954512,1787689526.5012784,1787690034.3964121,25.58903694152832,227.59486413002014,735.4899978637695
20,0,16,acked,0,1787689305.7894678,1787689324.6146796,1787689536.9080634,1787690039.6315765,18.825211763381958,231.11859560012817,733.8421087265015
20,0,17,acked,0,1787689310.5573628,1787689324.7325287,1787689549.6016097,1787690042.5008166,14.175165891647339,239.04424691200256,731.9434537887573
20,0,18,acked,0,1787689315.2974448,1787689324.84691,1787689562.2977002,1787690047.6773832,9.54946517944336,247.00025534629822,732.3799383640289
20,0,19,acked,0,1787689320.082215,1787689324.9641707,1787689572.731496,1787690052.9286242,4.881955623626709,252.64928102493286,732.8464090824127
20,1,0,acked,0,1787690053.127452,1787690146.4050617,1787690161.519124,1787690581.233381,93.27760982513428,108.39167213439941,528.1059291362762
20,1,1,acked,0,1787690057.8835123,1787690146.5302086,1787690175.9214525,1787690766.6283815,88.64669632911682,118.03794026374817,708.7448692321777
20,1,2,acked,0,1787690062.7030244,1787690146.6545627,1787690192.6697323,1787690771.8501534,83.95153832435608,129.96670794487,709.1471290588379
20,1,3,acked,0,1787690067.522102,1787690146.785323,1787690203.0178702,1787690777.1031325,79.26322078704834,135.49576807022095,709.5810303688049
20,1,4,acked,0,1787690072.3224123,1787690146.9159045,1787690215.7371755,1787690780.2104135,74.59349226951599,143.41476321220398,707.888001203537
20,1,5,acked,0,1787690074.8041396,1787690147.0282574,1787690230.0578053,1787690785.468299,72.22411775588989,155.2536656856537,710.6641592979431
20,1,6,acked,0,1787690081.7264838,1787690147.1539323,1787690238.764377,1787690790.6741965,65.42744851112366,157.0378932952881,708.9477126598358
20,1,7,acked,0,1787690086.5273347,1787690147.2785373,1787690251.4951506,1787690793.4825902,60.75120258331299,164.96781587600708,706.9552555084229
20,1,8,acked,0,1787690091.338666,1787690147.4013774,1787690265.9928508,1787690798.6914017,56.06271147727966,174.65418481826782,707.3527357578278
20,1,9,acked,0,1787690096.207395,1787690147.5262368,1787690282.7422023,1787690803.9256897,51.31884169578552,186.5348072052002,707.7182946205139
20,1,10,acked,0,1787690100.9995117,1787690147.6487756,1787690293.141475,1787690809.1882188,46.649263858795166,192.1419632434845,708.188707113266
20,1,11,acked,0,1787690103.3954577,1787690147.777888,1787690305.852052,1787690814.4039574,44.3824303150177,202.4565942287445,711.008499622345
20,1,12,acked,0,1787690108.1890132,1787690147.907873,1787690316.22734,1787690819.6069555,39.71885967254639,208.0383267402649,711.4179422855377
20,1,13,acked,0,1787690112.969133,1787690148.0440018,1787690328.9660413,1787690822.459829,35.07486891746521,215.9969084262848,709.4906961917877
20,1,14,acked,0,1787690117.7475889,1787690148.1718924,1787690341.6936433,1787690827.685999,30.42430353164673,223.94605445861816,709.9384100437164
20,1,15,acked,0,1787690122.5625725,1787690148.2870662,1787690356.090346,1787690830.7674966,25.724493741989136,233.52777361869812,708.2049241065979
20,1,16,acked,0,1787690129.4766803,1787690148.4028852,1787690372.8283658,1787690953.5191057,18.926204919815063,243.35168552398682,824.0424253940582
20,1,17,acked,0,1787690131.9213831,1787690148.5273259,1787690383.2215226,1787690958.7367933,16.605942726135254,251.30013942718506,826.8154101371765
20,1,18,acked,0,1787690136.7058582,1787690148.6521614,1787690395.937821,1787690963.9477782,11.946303129196167,259.23196268081665,827.2419199943542
20,1,19,acked,0,1787690141.477074,1787690148.7755575,1787690406.2965024,1787690967.0390234,7.298483610153198,264.8194284439087,825.5619494915009
20,2,0,acked,0,1787690967.2065208,1787691060.2464473,1787691075.330387,1787691531.2760592,93.03992652893066,108.12386631965637,564.0695383548737
20,2,1,acked,0,1787690969.6152477,1787691060.3594484,1787691088.0464978,1787691536.5058656,90.74420070648193,118.43125009536743,566.8906178474426
20,2,2,acked,0,1787690976.5782568,1787691060.4845107,1787691102.3448591,1787691539.3190317,83.90625381469727,125.76660227775574,562.7407748699188
20,2,3,acked,0,1787690981.3632543,1787691060.6112194,1787691115.06482,1787691544.5448973,79.24796509742737,133.70156574249268,563.1816430091858
20,2,4,acked,0,1787690986.1712182,1787691060.732507,1787691129.3794518,1787691549.7518342,74.56128883361816,143.2082335948944,563.5806159973145
20,2,5,acked,0,1787690990.950153,1787691060.8559537,1787691138.082745,1787691730.6174908,69.9058005809784,147.13259196281433,739.6673376560211
20,2,6,acked,0,1787690995.7655072,1787691060.9796877,1787691152.452917,1787691735.7571006,65.21418046951294,156.6874098777771,739.9915933609009
20,2,7,acked,0,1787690998.1680574,1787691061.0930958,1787691165.1767304,1787691740.9067883,62.92503833770752,167.00867295265198,742.7387309074402
20,2,8,acked,0,1787691002.960965,1787691061.2145772,1787691177.9131958,1787691746.0798886,58.25361227989197,174.95223093032837,743.118923664093
20,2,9,acked,0,1787691007.7348375,1787691061.33727,1787691188.20412,1787691751.2082312,53.60243248939514,180.46928238868713,743.4733936786652
20,2,10,acked,0,1787691012.5388231,1787691061.461947,1787691200.9286373,1787691756.299952,48.923123836517334,188.38981413841248,743.7611289024353
20,2,11,acked,0,1787691019.4955947,1787691061.5908668,1787691211.238851,1787691759.2844193,42.095272064208984,191.7432563304901,739.788824558258
20,2,12,acked,0,1787691024.308395,1787691061.7240095,1787691223.957206,1787691764.427587,37.41561460494995,199.64881110191345,740.1191921234131
20,2,13,acked,0,1787691029.0820084,1787691061.858692,1787691236.7494428,1787691769.574371,32.77668356895447,207.66743445396423,740.4923627376556
20,2,14,acked,0,1787691031.501043,1787691061.983638,1787691247.2013655,1787691774.7295587,30.482594966888428,215.70032238960266,743.228515625
20,2,15,acked,0,1787691036.3087184,1787691062.115267,1787691259.9142454,1787691779.8322613,25.806548595428467,223.6055269241333,743.523542881012
20,2,16,acked,0,1787691041.1060624,1787691062.245095,1787691270.2001452,1787691784.9421928,21.13903260231018,229.09408283233643,743.8361303806305
20,2,17,acked,0,1787691045.9025302,1787691062.3777714,1787691282.9130914,1787691790.0630856,16.47524118423462,237.01056122779846,744.1605553627014
20,2,18,acked,0,1787691050.7040832,1787691062.4896302,1787691295.6438968,1787691795.1592083,11.785547018051147,244.9398136138916,744.4551250934601
20,2,19,acked,0,1787691055.4937708,1787691062.6160626,1787691309.9182274,1787691800.284885,7.122291803359985,254.4244565963745,744.7911140918732
20,3,0,acked,0,1787691800.4853153,1787691901.61235,1787691912.4002612,1787692494.7921257,101.12703466415405,111.91494584083557,694.3068103790283
20,3,1,acked,0,1787691805.2069921,1787691901.7151134,1787691925.0670547,1787692499.88797,96.50812125205994,119.86006259918213,694.6809778213501
20,3,2,acked,0,1787691809.9863727,1787691901.820673,1787691937.706287,1787692505.022439,91.83430027961731,127.71991419792175,695.0360662937164
20,3,3,acked,0,1787691814.7378664,1787691901.927343,1787691950.371827,1787692510.1107142,87.18947649002075,135.63396048545837,695.3728477954865
20,3,4,acked,0,1787691821.5957384,1787691902.0412588,1787691963.024783,1787692515.1929727,80.44552040100098,141.42904448509216,693.597234249115
20,3,5,acked,0,1787691826.329685,1787691902.149253,1787691975.6424654,1787692520.307991,75.81956791877747,149.31278038024902,693.978306055069
20,3,6,acked,0,1787691831.051325,1787691902.2631419,1787691984.279814,1787692525.4451632,71.21181678771973,153.22848892211914,694.3938381671906
20,3,7,acked,0,1787691835.7848988,1787691902.3776734,1787691996.930406,1787692530.5410511,66.5927746295929,161.14550733566284,694.7561523914337
20,3,8,acked,0,1787691840.5445511,1787691902.4848654,1787692009.5856378,1787692535.6255503,61.940314292907715,169.04108667373657,695.0809991359711
20,3,9,acked,0,1787691845.277153,1787691902.595796,1787692022.2361217,1787692540.7355537,57.31864309310913,176.95896863937378,695.4584007263184
20,3,10,acked,0,1787691850.0075424,1787691902.7025807,1787692034.8974626,1787692545.7976239,52.69503831863403,184.88992023468018,695.7900815010071
20,3,11,acked,0,1787691856.8897007,1787691902.8171742,1787692047.530423,1787692550.9055083,45.92747354507446,190.64072227478027,694.0158076286316
20,3,12,acked,0,1787691861.6187625,1787691902.9392567,1787692056.1682553,1787692556.0173552,41.320494174957275,194.54949283599854,694.398592710495
20,3,13,acked,0,1787691866.3947008,1787691903.0578923,1787692068.8122065,1787692561.1361976,36.66319155693054,202.41750574111938,694.7414968013763
20,3,14,acked,0,1787691871.1262913,1787691903.1761544,1787692081.4597867,1787692566.2379425,32.04986310005188,210.33349537849426,695.1116511821747
20,3,15,acked,0,1787691875.8476074,1787691903.2860293,1787692098.1236506,1787692686.2636817,27.438421964645386,222.276043176651,810.4160742759705
20,3,16,acked,0,1787691880.558385,1787691903.4063382,1787692110.7680905,1787692691.3478682,22.84795331954956,230.20970559120178,810.7894833087921
20,3,17,acked,0,1787691885.2463095,1787691903.5225625,1787692123.4037952,1787692696.435102,18.27625298500061,238.15748572349548,811.1887924671173
20,3,18,acked,0,1787691892.0803869,1787691903.641172,1787692136.0506964,1787692701.5239575,11.560785055160522,243.9703094959259,809.4435706138611
20,3,19,acked,0,1787691896.7986414,1787691903.7556987,1787692148.715442,1787692706.6651704,6.957057237625122,251.9168004989624,809.8665289878845
20,4,0,acked,0,1787692706.8433883,1787692807.4446576,1787692818.173525,1787693268.9943426,100.6012692451477,111.33013677597046,562.150954246521
20,4,1,acked,0,1787692711.5549228,1787692807.5575516,1787692830.825778,1787693274.0962076,96.00262880325317,119.27085518836975,562.5412847995758
20,4,2,acked,0,1787692716.2778087,1787692807.6676898,1787692843.4644878,1787693279.1625104,91.3898811340332,127.18667912483215,562.8847017288208
20,4,3,acked,0,1787692720.9679275,1787692807.780296,1787692860.128108,1787693454.9521165,86.81236863136292,139.16018056869507,733.9841890335083
20,4,4,acked,0,1787692725.669272,1787692807.8897116,1787692872.7792559,1787693460.0237875,82.22043967247009,147.10998392105103,734.3545155525208
20,4,5,acked,0,1787692730.4045324,1787692807.999878,1787692885.4194582,1787693465.1233406,77.59534549713135,155.0149257183075,734.7188081741333
20,4,6,acked,0,1787692737.1957538,1787692808.114762,1787692898.0677288,1787693470.2111883,70.91900825500488,160.87197494506836,733.0154345035553
20,4,7,acked,0,1787692741.900114,1787692808.2323961,1787692910.728714,1787693475.28894,66.33228206634521,168.82859992980957,733.3888258934021
20,4,8,acked,0,1787692746.6172817,1787692808.3473506,1787692923.3797483,1787693480.3860562,61.73006892204285,176.76246666908264,733.7687745094299
20,4,9,acked,0,1787692751.3285778,1787692808.457591,1787692936.0358627,1787693485.4725776,57.12901329994202,184.70728492736816,734.1439998149872
20,4,10,acked,0,1787692756.0263817,1787692808.5699058,1787692944.6776266,1787693490.5447886,52.54352402687073,188.65124487876892,734.518406867981
20,4,11,acked,0,1787692760.7299857,1787692808.6766367,1787692957.340444,1787693495.5986593,47.946650981903076,196.61045837402344,734.8686735630035
20,4,12,acked,0,1787692767.5581822,1787692808.7852345,1787692969.9897187,1787693500.690737,41.227052211761475,202.43153643608093,733.132554769516
20,4,13,acked,0,1787692772.2822626,1787692808.893273,1787692982.6622756,1787693505.7818768,36.61101055145264,210.3800129890442,733.499614238739
20,4,14,acked,0,1787692776.987116,1787692809.003798,1787692995.3148937,1787693510.8575637,32.01668190956116,218.32777762413025,733.8704476356506
20,4,15,acked,0,1787692781.6773822,1787692809.1161625,1787693007.9813223,1787693515.911266,27.438780307769775,226.30394005775452,734.233883857727
20,4,16,acked,0,1787692786.3904228,1787692809.2282252,1787693024.6441503,1787693521.0112178,22.837802410125732,238.25372743606567,734.6207950115204
20,4,17,acked,0,1787692791.093448,1787692809.3366807,1787693037.2981126,1787693526.097389,18.24323272705078,246.20466470718384,735.0039410591125
20,4,18,acked,0,1787692795.7933574,1787692809.4489565,1787693049.9392347,1787693531.1583807,13.655599117279053,254.1458773612976,735.3650233745575
20,4,19,acked,0,1787692802.6454616,1787692809.5572417,1787693058.5639622,1787693647.4956663,6.911780118942261,255.91850066184998,844.850204706192
40,0,0,acked,0,1787693647.6727023,1787693848.1880717,1787693865.0684497,1787694415.9343803,200.5153694152832,217.395747423172,768.261677980423
40,0,1,acked,0,1787693652.3578649,1787693848.29517,1787693877.7042062,1787694421.0154347,195.93730521202087,225.34634137153625,768.6575698852539
40,0,2,acked,0,1787693657.0498705,1787693848.4007864,1787693894.3634121,1787694426.1045113,191.35091590881348,237.3135416507721,769.0546407699585
40,0,3,acked,0,1787693661.7503998,1787693848.510035,1787693906.9955728,1787694431.162241,186.75963521003723,245.2451729774475,769.4118411540985
40,0,4,acked,0,1787693666.4456465,1787693848.619984,1787693919.631433,1787694436.2295463,182.17433738708496,253.185786485672,769.7838997840881
40,0,5,acked,0,1787693671.127251,1787693848.7269745,1787693928.2478507,1787694441.296107,177.5997235774994,257.1205997467041,770.1688561439514
40,0,6,acked,0,1787693677.9211564,1787693848.8412175,1787693940.8882082,1787694446.4234238,170.9200611114502,262.96705174446106,768.5022673606873
40,0,7,acked,0,1787693682.6364582,1787693848.9479327,1787693953.5192223,1787694451.5030925,166.31147456169128,270.88276410102844,768.8666343688965
40,0,8,acked,0,1787693687.328032,1787693849.0584395,1787693966.1469896,1787694456.605907,161.73040747642517,278.81895756721497,769.2778749465942
40,0,9,acked,0,1787693692.0443044,1787693849.1674838,1787693978.7822711,1787694461.6658244,157.12317943572998,286.73796677589417,769.6215200424194
40,0,10,acked,0,1787693696.746864,1787693849.2814188,1787693991.4290757,1787694466.7763546,152.53455471992493,294.68221163749695,770.0294904708862
40,0,11,acked,0,1787693701.434952,1787693849.3904612,1787694004.0688908,1787694471.850361,147.95550918579102,302.6339387893677,770.4154090881348
40,0,12,acked,0,1787693706.1374102,1787693849.4951394,1787694020.7056155,1787694601.7403126,143.35772919654846,314.5682053565979,895.6029024124146
40,0,13,acked,0,1787693712.9460166,1787693849.6035771,1787694033.3459728,1787694606.866101,136.65756058692932,320.3999562263489,893.920084476471
40,0,14,acked,0,1787693717.623451,1787693849.711022,1787694045.9902074,1787694611.9369948,132.08757090568542,328.366756439209,894.3135437965393
40,0,15,acked,0,1787693722.3170009,1787693849.816804,1787694054.5954454,1787694617.0151155,127.49980306625366,332.2784445285797,894.6981146335602
40,0,16,acked,0,1787693727.0061605,1787693849.9234629,1787694067.2335732,1787694622.0951414,122.91730237007141,340.2274127006531,895.0889809131622
40,0,17,acked,0,1787693731.692707,1787693850.044706,1787694079.8589826,1787694627.1705725,118.35199904441833,348.1662755012512,895.4778654575348
40,0,18,acked,0,1787693736.3602524,1787693850.155138,1787694092.5260394,1787694632.2692857,113.79488563537598,356.16578698158264,895.9090332984924
40,0,19,acked,0,1787693743.1563282,1787693850.2549114,1787694105.170899,1787694637.3670707,107.09858322143555,362.0145707130432,894.2107424736023
40,0,20,acked,0,1787693747.830464,1787693850.3678837,1787694117.8294666,1787694642.4378939,102.53741979598999,369.9990026950836,894.6074299812317
40,0,21,acked,0,1787693752.5366328,1787693850.474372,1787694126.4770052,1787694647.4853456,97.93773913383484,373.940372467041,894.9487128257751
40,0,22,acked,0,1787693757.2264297,1787693850.5864804,1787694139.1025748,1787694652.5715108,93.36005067825317,381.8761451244354,895.3450810909271
40,0,23,acked,0,1787693761.9280322,1787693850.6986446,1787694151.7449687,1787694657.6499283,88.77061247825623,389.8169364929199,895.7218961715698
40,0,24,acked,0,1787693766.6524343,1787693850.8051343,1787694164.3746626,1787694662.7551007,84.15269994735718,397.7222282886505,896.1026663780212
40,0,25,acked,0,1787693773.45545,1787693850.9113922,1787694177.0233397,1787694667.844248,77.45594215393066,403.56788969039917,894.3887979984283
40,0,26,acked,0,1787693778.154366,1787693851.0198584,1787694189.6718454,1787694672.9327793,72.86549234390259,411.51747941970825,894.7784132957458
40,0,27,acked,0,1787693782.8521976,1787693851.1283188,1787694206.3348699,1787694799.3018715,68.27612113952637,423.48267221450806,1016.4496738910675
40,0,28,acked,0,1787693787.547513,1787693851.2387736,1787694219.0213056,1787694804.3877954,63.69126057624817,431.473792552948,1016.8402824401855
40,0,29,acked,0,1787693792.2347207,1787693851.3481479,1787694231.6663227,1787694809.4519386,59.11342716217041,439.4316020011902,1017.2172179222107
40,0,30,acked,0,1787693796.9122584,1787693851.4543388,1787694240.2698746,1787694814.5318215,54.54208040237427,443.35761618614197,1017.6195631027222
40,0,31,acked,0,1787693803.7217495,1787693851.5654392,1787694252.9030256,1787694819.5962884,47.84368968009949,449.18127608299255,1015.874538898468
40,0,32,acked,0,1787693808.4220335,1787693851.6747274,1787694265.530402,1787694824.6630607,43.25269389152527,457.10836839675903,1016.2410271167755
40,0,33,acked,0,1787693813.1074355,1787693851.7845645,1787694282.1694221,1787694829.7433941,38.67712903022766,469.0619866847992,1016.6359586715698
40,0,34,acked,0,1787693817.7918048,1787693851.8925252,1787694294.8302443,1787694834.8343952,34.10072040557861,477.0384395122528,1017.042590379715
40,0,35,acked,0,1787693822.4908247,1787693851.9997163,1787694307.473065,1787694839.918494,29.508891582489014,484.9822402000427,1017.4276692867279
40,0,36,acked,0,1787693827.1823888,1787693852.112406,1787694320.109086,1787694842.893963,24.930017232894897,492.9266972541809,1015.7115743160248
40,0,37,acked,0,1787693831.8747563,1787693852.2235541,1787694332.7508495,1787694847.9670682,20.34879779815674,500.8760931491852,1016.0923118591309
40,0,38,acked,0,1787693838.7004833,1787693852.3332036,1787694345.420514,1787694853.0652304,13.632720232009888,506.72003078460693,1014.3647470474243
40,0,39,acked,0,1787693843.3860803,1787693852.4428093,1787694358.0577416,1787694858.1463883,9.056729078292847,514.6716613769531,1014.7603080272675
40,1,0,acked,0,1787694858.327636,1787695061.303455,1787695074.195419,1787695582.7289464,202.97581911087036,215.8677830696106,724.4013104438782
40,1,1,acked,0,1787694863.0309331,1787695061.4045632,1787695086.826952,1787695587.7915773,198.37363004684448,223.79601883888245,724.760644197464
40,1,2,acked,0,1787694869.8389409,1787695061.5152109,1787695099.4441319,1787695592.8701148,191.67627000808716,229.60519099235535,723.0311739444733
40,1,3,acked,0,1787694874.5525894,1787695061.627924,1787695112.0876706,1787695597.9464555,187.0753345489502,237.53508114814758,723.3938660621643
40,1,4,acked,0,1787694879.2497568,1787695061.7407591,1787695124.7437365,1787695603.02597,182.4910023212433,245.4939796924591,723.7762131690979
40,1,5,acked,0,1787694883.9360387,1787695061.8513737,1787695137.3844104,1787695608.0869133,177.91533493995667,253.44837164878845,724.1508746147156
40,1,6,acked,0,1787694888.6436925,1787695061.9581249,1787695150.0251958,1787695613.1593301,173.31443238258362,261.38150334358215,724.5156376361847
40,1,7,acked,0,1787694893.3486528,1787695062.0759554,1787695158.6492221,1787695618.2496161,168.72730255126953,265.3005692958832,724.900963306427
40,1,8,acked,0,1787694900.2031178,1787695062.1845663,1787695171.2830248,1787695760.11524,161.98144841194153,271.0799069404602,859.9121222496033
40,1,9,acked,0,1787694904.9013004,1787695062.292658,1787695183.9236734,1787695765.2081032,157.39135766029358,279.0223729610443,860.3068027496338
40,1,10,acked,0,1787694909.5752084,1787695062.4024959,1787695196.5737576,1787695770.2911818,152.82728743553162,286.99854922294617,860.7159733772278
40,1,11,acked,0,1787694914.2743769,1787695062.512818,1787695209.2066295,1787695775.354548,148.23844122886658,294.93225264549255,861.0801711082458
40,1,12,acked,0,1787694918.9693222,1787695062.612258,1787695221.8472474,1787695780.43367,143.64293575286865,302.877925157547,861.4643478393555
40,1,13,acked,0,1787694923.6818614,1787695062.7233922,1787695238.5180285,1787695785.5080185,139.04153084754944,314.8361670970917,861.8261570930481
40,1,14,acked,0,1787694928.388754,1787695062.8316288,1787695251.1498291,1787695790.5782902,134.44287490844727,322.761075258255,862.1895363330841
40,1,15,acked,0,1787694935.2048786,1787695062.93014,1787695263.779408,1787695795.6311214,127.72526144981384,328.57452940940857,860.4262428283691
40,1,16,acked,0,1787694939.8957772,1787695063.0447695,1787695280.434519,1787695800.704405,123.14899230003357,340.5387418270111,860.8086278438568
40,1,17,acked,0,1787694944.584423,1787695063.1558862,1787695293.073576,1787695803.6376476,118.57146310806274,348.4891529083252,859.0532245635986
40,1,18,acked,0,1787694949.2853942,1787695063.2682858,1787695305.7118194,1787695808.6963441,113.98289155960083,356.42642521858215,859.4109499454498
40,1,19,acked,0,1787694953.9897287,1787695063.3775125,1787695322.3619018,1787695813.7626898,109.38778376579285,368.3721730709076,859.772961139679
40,1,20,acked,0,1787694958.7002833,1787695063.4862583,1787695334.9806118,1787695818.8293643,104.78597497940063,376.2803285121918,860.1290810108185
40,1,21,acked,0,1787694965.5111792,1787695063.5926137,1787695347.61385,1787695823.8791769,98.08143448829651,382.10267090797424,858.3679976463318
40,1,22,acked,0,1787694970.2238986,1787695063.704588,1787695356.2306998,1787695950.2372684,93.48068928718567,386.00680112838745,980.0133697986603
40,1,23,acked,0,1787694974.9105868,1787695063.815236,1787695368.8644927,1787695955.2886233,88.90464925765991,393.95390582084656,980.3780364990234
40,1,24,acked,0,1787694979.5854816,1787695063.9252274,1787695381.4940655,1787695960.3523173,84.33974575996399,401.9085838794708,980.7668356895447
40,1,25,acked,0,1787694984.2999897,1787695064.0440257,1787695398.1318996,1787695965.423997,79.74403595924377,413.83190989494324,981.1240072250366
40,1,26,acked,0,1787694989.0014029,1787695064.155039,1787695410.7608497,1787695970.5117567,75.15363621711731,421.75944685935974,981.5103538036346
40,1,27,acked,0,1787694995.8130343,1787695064.2689106,1787695423.3939402,1787695975.5553882,68.45587635040283,427.58090591430664,979.7423539161682
40,1,28,acked,0,1787695000.5398474,1787695064.3823068,1787695436.0235128,1787695980.6352777,63.84245944023132,435.4836654663086,980.0954303741455
40,1,29,acked,0,1787695005.2289848,1787695064.4945183,1787695448.6748366,1787695985.694539,59.265533447265625,443.4458518028259,980.4655542373657
40,1,30,acked,0,1787695009.920772,1787695064.597175,1787695461.3125157,1787695990.7513292,54.67640280723572,451.39174365997314,980.8305571079254
40,1,31,acked,0,1787695014.6287186,1787695064.7077794,1787695473.9579775,1787695995.84126,50.079060792922974,459.3292589187622,981.2125413417816
40,1,32,acked,0,1787695019.3500621,1787695064.8126493,1787695490.613922,1787696000.8954973,45.462587118148804,471.2638599872589,981.5454351902008
40,1,33,acked,0,1787695024.0380108,1787695064.9230921,1787695503.2494018,1787696005.9557188,40.88508129119873,479.21139097213745,981.9177079200745
40,1,34,acked,0,1787695030.8485177,1787695065.0350463,1787695515.8838243,1787696011.0206947,34.18652868270874,485.0353066921234,980.1721770763397
40,1,35,acked,0,1787695035.5424774,1787695065.1447093,1787695524.5030005,1787696016.0946763,29.602231979370117,488.9605231285095,980.5521988868713
40,1,36,acked,0,1787695040.2436652,1787695065.2538729,1787695537.140313,1787696021.1275463,25.010207653045654,496.8966476917267,980.8838810920715
40,1,37,acked,0,1787695044.9681551,1787695065.3619568,1787695549.7660975,1787696136.8724394,20.39380168914795,504.79794239997864,1091.9042842388153
40,1,38,acked,0,1787695049.6699846,1787695065.4675856,1787695562.4111357,1787696141.936588,15.797600984573364,512.7411510944366,1092.2666034698486
40,1,39,acked,0,1787695054.3581977,1787695065.5792356,1787695575.041426,1787696147.0024488,11.221037864685059,520.6832282543182,1092.6442511081696
40,2,0,acked,0,1787696147.160107,1787696347.9228227,1787696364.8642983,1787696911.4772468,200.7627158164978,217.70419144630432,764.3171398639679
40,2,1,acked,0,1787696151.8359663,1787696348.0401146,1787696377.4994862,1787696916.5629673,196.2041482925415,225.66351985931396,764.727000951767
40,2,2,acked,0,1787696156.5470595,1787696348.154853,1787696394.1447203,1787696921.6413248,191.60779356956482,237.597660779953,765.0942652225494
40,2,3,acked,0,1787696161.2262454,1787696348.2721193,1787696406.7829745,1787696926.7462783,187.04587388038635,245.55672907829285,765.5200328826904
40,2,4,acked,0,1787696165.9091878,1787696348.3854477,1787696419.4167247,1787696931.840266,182.47625994682312,253.50753688812256,765.9310781955719
40,2,5,acked,0,1787696172.7373884,1787696348.496063,1787696432.0467112,1787696936.8969698,175.75867462158203,259.3093228340149,764.1595814228058
40,2,6,acked,0,1787696177.429673,1787696348.6105325,1787696444.693936,1787696941.9516084,171.18085956573486,267.2642631530762,764.5219354629517
40,2,7,acked,0,1787696182.1289372,1787696348.7191212,1787696457.3146584,1787696947.0435436,166.59018397331238,275.1857211589813,764.9146063327789
40,2,8,acked,0,1787696186.8234622,1787696348.8286676,1787696469.957673,1787696952.1244607,162.00520539283752,283.13421082496643,765.3009984493256
40,2,9,acked,0,1787696191.516185,1787696348.9380145,1787696478.586938,1787696957.1978562,157.4218294620514,287.0707528591156,765.6816711425781
40,2,10,acked,0,1787696196.2171645,1787696349.046121,1787696491.2224402,1787696962.2817276,152.82895636558533,295.00527572631836,766.064563035965
40,2,11,acked,0,1787696203.0327365,1787696349.156047,1787696503.8509536,1787696967.3651788,146.1233105659485,300.8182170391083,764.3324422836304
40,2,12,acked,0,1787696207.7428787,1787696349.2689214,1787696516.49892,1787697097.2468898,141.52604269981384,308.75604128837585,889.5040111541748
40,2,13,acked,0,1787696212.458736,1787696349.379703,1787696529.1664584,1787697102.310568,136.92096710205078,316.7077224254608,889.851832151413
40,2,14,acked,0,1787696217.1565168,1787696349.485629,1787696541.8008165,1787697107.3771052,132.32911229133606,324.6442997455597,890.2205884456635
40,2,15,acked,0,1787696221.8551114,1787696349.6027806,1787696550.4114282,1787697112.4612155,127.7476692199707,328.5563168525696,890.6061041355133
40,2,16,acked,0,1787696226.5768335,1787696349.7146912,1787696563.0298424,1787697117.5300791,123.13785767555237,336.453008890152,890.953245639801
40,2,17,acked,0,1787696231.2602766,1787696349.826579,1787696575.6571815,1787697122.6007535,118.56630253791809,344.39690494537354,891.3404769897461
40,2,18,acked,0,1787696238.0841696,1787696349.9344914,1787696588.2867064,1787697127.6864588,111.85032176971436,350.20253682136536,889.6022891998291
40,2,19,acked,0,1787696242.787576,1787696350.0473456,1787696600.929707,1787697132.7827897,107.25976967811584,358.1421310901642,889.9952137470245
40,2,20,acked,0,1787696247.4829392,1787696350.1569963,1787696613.5665076,1787697137.8393378,102.67405700683594,366.08356833457947,890.3563985824585
40,2,21,acked,0,1787696252.177063,1787696350.265405,1787696622.1850743,1787697142.9154367,98.08834195137024,370.00801134109497,890.7383737564087
40,2,22,acked,0,1787696256.87373,1787696350.37419,1787696634.82215,1787697147.9811432,93.50046014785767,377.94842004776,891.1074132919312
40,2,23,acked,0,1787696261.5626135,1787696350.48258,1787696647.4559748,1787697153.0656345,88.91996645927429,385.89336133003235,891.5030210018158
40,2,24,acked,0,1787696268.3755744,1787696350.5910206,1787696664.1097383,1787697158.1711862,82.21544623374939,395.7341639995575,889.7956118583679
40,2,25,acked,0,1787696273.0718954,1787696350.699199,1787696676.7384295,1787697163.2378013,77.62730360031128,403.66653418540955,890.1659059524536
40,2,26,acked,0,1787696277.7519612,1787696350.8069806,1787696689.3747263,1787697168.310489,73.05501937866211,411.6227650642395,890.5585277080536
40,2,27,acked,0,1787696282.4428465,1787696350.9146464,1787696702.007565,1787697298.900927,68.47179985046387,419.56471848487854,1016.4580805301666
40,2,28,acked,0,1787696287.1252077,1787696351.0213876,1787696714.6508543,1787697303.986294,63.89617991447449,427.52564668655396,1016.8610863685608
40,2,29,acked,0,1787696291.8229735,1787696351.1293962,1787696727.275508,1787697309.0622041,59.3064227104187,435.45253443717957,1017.239230632782
40,2,30,acked,0,1787696298.6456583,1787696351.246614,1787696739.921574,1787697314.1407325,52.60095572471619,441.27591586112976,1015.4950742721558
40,2,31,acked,0,1787696303.351455,1787696351.3536177,1787696756.5776298,1787697319.2462225,48.00216269493103,453.2261748313904,1015.8947675228119
40,2,32,acked,0,1787696308.0618458,1787696351.4597201,1787696769.2145061,1787697324.3237522,43.39787435531616,461.15266036987305,1016.2619063854218
40,2,33,acked,0,1787696312.7677157,1787696351.573094,1787696781.866431,1787697329.3883905,38.80537819862366,469.09871530532837,1016.6206748485565
40,2,34,acked,0,1787696317.4662957,1787696351.6826692,1787696790.485861,1787697334.4843926,34.216373443603516,473.0195653438568,1017.0180969238281
40,2,35,acked,0,1787696322.1724412,1787696351.7926192,1787696803.1048343,1787697339.555237,29.62017798423767,480.93239307403564,1017.3827958106995
40,2,36,acked,0,1787696326.8764997,1787696351.9018085,1787696815.7356255,1787697344.6081917,25.025308847427368,488.85912585258484,1017.7316920757294
40,2,37,acked,0,1787696333.70916,1787696352.0161057,1787696828.3848538,1787697349.6793702,18.30694556236267,494.67569375038147,1015.9702100753784
40,2,38,acked,0,1787696338.407019,1787696352.1283336,1787696841.0190148,1787697354.7761154,13.721314668655396,502.61199593544006,1016.3690965175629
40,2,39,acked,0,1787696343.1076334,1787696352.2387543,1787696853.664772,1787697359.8481295,9.131120920181274,510.55713868141174,1016.7404961585999
40,3,0,acked,0,1787697360.0705137,1787697561.0871027,1787697578.0533152,1787698092.8790274,201.0165889263153,217.98280143737793,732.8085136413574
40,3,1,acked,0,1787697364.7521334,1787697561.190988,1787697590.7239752,1787698097.9248877,196.43885469436646,225.9718418121338,733.1727542877197
40,3,2,acked,0,1787697369.4467664,1787697561.303377,1787697603.354625,1787698102.9873106,191.85661053657532,233.9078586101532,733.5405442714691
40,3,3,acked,0,1787697374.1530354,1787697561.4136386,1787697615.988714,1787698108.0646155,187.26060318946838,241.8356785774231,733.9115800857544
40,3,4,acked,0,1787697378.8699558,1787697561.5295167,1787697632.6424198,1787698113.1265714,182.65956091880798,253.77246403694153,734.2566156387329
40,3,5,acked,0,1787697383.5771143,1787697561.6411726,1787697645.2698433,1787698118.197971,178.064058303833,261.69272899627686,734.6208567619324
40,3,6,acked,0,1787697388.284605,1787697561.747739,1787697657.8977761,1787698123.2457697,173.46313405036926,269.61317110061646,734.9611647129059
40,3,7,acked,0,1787697395.1123018,1787697561.8583972,1787697674.5565484,1787698255.2413929,166.74609541893005,279.44424653053284,860.1290910243988
40,3,8,acked,0,1787697399.8035917,1787697561.972078,1787697687.1998868,1787698260.3144538,162.16848635673523,287.3962950706482,860.5108621120453
40,3,9,acked,0,1787697404.4963596,1787697562.0849335,1787697699.8398538,1787698265.3670495,157.5885739326477,295.3434941768646,860.870689868927
40,3,10,acked,0,1787697409.1894329,1787697562.195307,1787697708.4762022,1787698270.444559,153.0058741569519,299.2867693901062,861.2551262378693
40,3,11,acked,0,1787697413.8776424,1787697562.30821,1787697721.113672,1787698275.5293658,148.43056750297546,307.23602962493896,861.6517233848572
40,3,12,acked,0,1787697418.5853522,1787697562.417503,1787697733.7446308,1787698278.5036535,143.8321509361267,315.1592786312103,859.9183013439178
40,3,13,acked,0,1787697425.4043567,1787697562.5223918,1787697746.3912373,1787698283.5945556,137.1180350780487,320.9868805408478,858.1901988983154
40,3,14,acked,0,1787697430.102104,1787697562.6358452,1787697759.024255,1787698288.6870658,132.53374123573303,328.9221510887146,858.5849618911743
40,3,15,acked,0,1787697434.8060372,1787697562.7484963,1787697771.6676397,1787698293.7734466,127.94245910644531,336.86160254478455,858.9674093723297
40,3,16,acked,0,1787697439.5053246,1787697562.866548,1787697788.3195748,1787698298.8333688,123.36122345924377,348.8142502307892,859.3280441761017
40,3,17,acked,0,1787697444.2208102,1787697562.9785967,1787697800.9637303,1787698303.8844337,118.75778651237488,356.7429201602936,859.6636235713959
40,3,18,acked,0,1787697448.93122,1787697563.08903,1787697813.6060157,1787698308.996178,114.15780997276306,364.674795627594,860.064957857132
40,3,19,acked,0,1787697453.6285384,1787697563.2004457,1787697830.261287,1787698314.080551,109.57190728187561,376.6327486038208,860.4520125389099
40,3,20,acked,0,1787697460.4660795,1787697563.3119345,1787697842.9091833,1787698319.136294,102.84585499763489,382.4431037902832,858.6702144145966
40,3,21,acked,0,1787697465.1727498,1787697563.4199653,1787697855.552638,1787698451.1894262,98.24721550941467,390.3798882961273,986.0166764259338
40,3,22,acked,0,1787697469.8813388,1787697563.520405,1787697864.1790893,1787698456.2564826,93.63906621932983,394.29775047302246,986.3751437664032
40,3,23,acked,0,1787697474.585926,1787697563.6298704,1787697876.8179224,1787698461.3417034,89.04394435882568,402.2319962978363,986.7557773590088
40,3,24,acked,0,1787697479.2721004,1787697563.7399836,1787697889.4461925,1787698466.4214265,84.46788311004639,410.17409205436707,987.1493260860443
40,3,25,acked,0,1787697483.9733763,1787697563.8488905,1787697902.0833187,1787698471.4846282,79.87551426887512,418.10994243621826,987.5112519264221
40,3,26,acked,0,1787697490.8072488,1787697563.9603171,1787697914.7303617,1787698476.5525177,73.15306830406189,423.9231128692627,985.7452688217163
40,3,27,acked,0,1787697495.5094492,1787697564.081855,1787697927.3680143,1787698481.6389039,68.57240581512451,431.8585650920868,986.1294546127319
40,3,28,acked,0,1787697500.2122736,1787697564.1957176,1787697940.0039592,1787698486.7143993,63.98344397544861,439.7916855812073,986.5021257400513
40,3,29,acked,0,1787697504.918821,1787697564.303957,1787697948.6258457,1787698491.7831092,59.385135889053345,443.7070245742798,986.8642880916595
40,3,30,acked,0,1787697509.6090164,1787697564.4131775,1787697961.2633502,1787698496.87211,54.804161071777344,451.65433382987976,987.2630934715271
40,3,31,acked,0,1787697514.3287182,1787697564.5250206,1787697973.893583,1787698499.8294933,50.19630241394043,459.5648648738861,985.5007750988007
40,3,32,acked,0,1787697519.065492,1787697564.6359262,1787697986.5523837,1787698504.929748,45.57043433189392,467.486891746521,985.86425614357
40,3,33,acked,0,1787697525.8767133,1787697564.7456195,1787697999.1901724,1787698510.0205517,38.86890625953674,473.3134591579437,984.1438384056091
40,3,34,acked,0,1787697530.5859003,1787697564.856952,1787698011.8172812,1787698515.0987232,34.27105164527893,481.23138093948364,984.5128228664398
40,3,35,acked,0,1787697535.2776427,1787697564.979574,1787698028.4736922,1787698520.1774821,29.70193123817444,493.196049451828,984.8998394012451
40,3,36,acked,0,1787697539.988807,1787697565.0922358,1787698041.1142197,1787698525.2590568,25.103428840637207,501.1254127025604,985.2702498435974
40,3,37,acked,0,1787697544.7311697,1787697565.2023633,1787698053.7633495,1787698631.1172671,20.471193552017212,509.0321798324585,1086.3860974311829
40,3,38,acked,0,1787697549.4500103,1787697565.305415,1787698070.4255755,1787698636.2104874,15.855404615402222,520.9755651950836,1086.76047706604
40,3,39,acked,0,1787697556.2701216,1787697565.417907,1787698083.06148,1787698641.2870274,9.147785425186157,526.7913584709167,1085.016905784607
40,4,0,acked,0,1787698641.482341,1787698842.1109247,1787698854.986517,1787699401.7275546,200.62858366966248,213.50417590141296,760.245213508606
40,4,1,acked,0,1787698646.1725888,1787698842.2206397,1787698867.6143525,1787699406.8141377,196.04805088043213,221.44176363945007,760.641548871994
40,4,2,acked,0,1787698650.8755872,1787698842.3309083,1787698880.2530096,1787699411.880506,191.4553210735321,229.37742233276367,761.0049188137054
40,4,3,acked,0,1787698657.6897469,1787698842.4388185,1787698892.913814,1787699416.939831,184.74907159805298,235.22406721115112,759.2500841617584
40,4,4,acked,0,1787698662.3837261,1787698842.5444028,1787698905.5443566,1787699422.010882,180.16067671775818,243.16063046455383,759.6271557807922
40,4,5,acked,0,1787698667.0931299,1787698842.653866,1787698914.1708982,1787699427.0738566,175.5607361793518,247.07776832580566,759.9807267189026
40,4,6,acked,0,1787698671.7747068,1787698842.7638104,1787698926.8132758,1787699432.1779623,170.98910355567932,255.03856897354126,760.4032554626465
40,4,7,acked,0,1787698676.4766753,1787698842.8745713,1787698939.4471385,1787699437.2491274,166.39789605140686,262.9704632759094,760.7724521160126
40,4,8,acked,0,1787698681.170116,1787698842.9851513,1787698952.079736,1787699442.3255463,161.81503534317017,270.9096200466156,761.155430316925
40,4,9,acked,0,1787698687.9804502,1787698843.0947363,1787698964.7302763,1787699447.3820155,155.1142861843109,276.74982619285583,759.4015653133392
40,4,10,acked,0,1787698692.6719809,1787698843.2055533,1787698977.3600829,1787699452.4808624,150.53357243537903,284.68810200691223,759.808881521225
40,4,11,acked,0,1787698697.3640227,1787698843.317177,1787698990.0011356,1787699457.5302846,145.95315432548523,292.63711285591125,760.1662619113922
40,4,12,acked,0,1787698702.065201,1787698843.4243188,1787699006.6609116,1787699597.2757633,141.35911774635315,304.59571051597595,895.2105622291565
40,4,13,acked,0,1787698706.7739768,1787698843.5350919,1787699019.3072305,1787699602.3520927,136.76111507415771,312.53325366973877,895.578115940094
40,4,14,acked,0,1787698711.4789252,1787698843.6417024,1787699031.942317,1787699607.4220965,132.16277718544006,320.46339178085327,895.9431712627411
40,4,15,acked,0,1787698716.177726,1787698843.7451887,1787699048.6025453,1787699612.527865,127.567462682724,332.4248192310333,896.3501389026642
40,4,16,acked,0,1787698722.9824975,1787698843.8480272,1787699061.2384045,1787699617.6060271,120.8655297756195,338.2559070587158,894.6235296726227
40,4,17,acked,0,1787698727.6563969,1787698843.9596355,1787699073.8818238,1787699622.6787548,116.3032386302948,346.22542691230774,895.0223579406738
40,4,18,acked,0,1787698732.3586733,1787698844.0785503,1787699082.4909227,1787699627.7579417,111.71987700462341,350.13224935531616,895.3992683887482
40,4,19,acked,0,1787698737.0536456,1787698844.190714,1787699095.1346622,1787699632.8234031,107.13706827163696,358.08101654052734,895.7697575092316
40,4,20,acked,0,1787698741.7322366,1787698844.3042939,1787699107.7721689,1787699637.8750951,102.57205724716187,366.03993225097656,896.142858505249
40,4,21,acked,0,1787698746.431631,1787698844.415756,1787699120.4133441,1787699642.9561417,97.98412489891052,373.98171305656433,896.5245106220245
40,4,22,acked,0,1787698753.229442,1787698844.5256267,1787699133.0613983,1787699648.0270343,91.2961847782135,379.83195638656616,894.7975924015045
40,4,23,acked,0,1787698757.9104018,1787698844.6362936,1787699145.6963732,1787699653.1004097,86.72589182853699,387.78597140312195,895.1900079250336
40,4,24,acked,0,1787698762.628614,1787698844.7421098,1787699154.3145838,1787699658.2073386,82.11349582672119,391.6859698295593,895.5787246227264
40,4,25,acked,0,1787698767.3195732,1787698844.8484266,1787699166.9464557,1787699663.2712574,77.52885341644287,399.6268825531006,895.9516842365265
40,4,26,acked,0,1787698772.0158222,1787698844.9566038,1787699179.595009,1787699668.355026,72.94078159332275,407.5791869163513,896.3392038345337
40,4,27,acked,0,1787698776.7112763,1787698845.0647783,1787699192.231678,1787699673.4207287,68.35350203514099,415.5204017162323,896.7094523906708
40,4,28,acked,0,1787698783.5173626,1787698845.1718051,1787699204.8569136,1787699804.037571,61.65444254875183,421.33955097198486,1020.5202083587646
40,4,29,acked,0,1787698788.1920516,1787698845.2788162,1787699217.4865365,1787699809.1120963,57.0867645740509,429.2944848537445,1020.9200446605682
40,4,30,acked,0,1787698792.8707838,1787698845.386782,1787699226.1037688,1787699814.2063956,52.515998125076294,433.23298501968384,1021.335611820221
40,4,31,acked,0,1787698797.567251,1787698845.4969435,1787699238.7357252,1787699819.2619834,47.92969250679016,441.1684741973877,1021.694732427597
40,4,32,acked,0,1787698802.2788966,1787698845.6089168,1787699251.36507,1787699824.342409,43.33002018928528,449.0861735343933,1022.0635123252869
40,4,33,acked,0,1787698807.0011249,1787698845.7116663,1787699263.991329,1787699829.4307566,38.71054148674011,456.99020409584045,1022.4296317100525
40,4,34,acked,0,1787698811.7252069,1787698845.815626,1787699276.6581156,1787699834.5434413,34.09041905403137,464.93290877342224,1022.8182344436646
40,4,35,acked,0,1787698818.5493994,1787698845.9232357,1787699289.2961364,1787699839.597946,27.373836278915405,470.7467370033264,1021.0485465526581
40,4,36,acked,0,1787698823.2215736,1787698846.037662,1787699301.9349344,1787699844.660214,22.816088438034058,478.713360786438,1021.4386403560638
40,4,37,acked,0,1787698827.905303,1787698846.1442926,1787699318.5983522,1787699849.7190359,18.23898959159851,490.6930491924286,1021.8137328624725
40,4,38,acked,0,1787698832.5988915,1787698846.2504463,1787699331.239765,1787699854.8004286,13.651554822921753,498.6408734321594,1022.2015371322632
40,4,39,acked,0,1787698837.2952945,1787698846.3629687,1787699343.8825588,1787699859.8766003,9.067674160003662,506.5872642993927,1022.5813057422638
5,0,0,acked,0,1787682695.2759416,1787682720.2463043,1787682735.8764968,1787683279.9503531,24.970362663269043,40.600555181503296,584.6744115352631
5,0,1,acked,0,1787682698.3307087,1787682720.3891637,1787682744.6704,1787683283.2502334,22.058454990386963,46.339691162109375,584.9195246696472
5,0,2,acked,0,1787682703.228354,1787682720.5323184,1787682757.4159503,1787683288.7340593,17.303964376449585,54.18759632110596,585.5057053565979
5,0,3,acked,0,1787682708.1264603,1787682720.6741037,1787682768.3874779,1787683294.2326946,12.547643423080444,60.26101756095886,586.1062343120575
5,0,4,acked,0,1787682712.995256,1787682720.8072972,1787682781.1371741,1787683299.7067635,7.812041282653809,68.14191818237305,586.7115075588226
5,1,0,acked,0,1787683299.9520206,1787683323.1797,1787683338.8024702,1787683859.4405923,23.22767925262451,38.850449562072754,559.4885716438293
5,1,1,acked,0,1787683304.9547114,1787683323.333818,1787683351.6232705,1787683865.1770432,18.379106521606445,46.668559074401855,560.2223317623138
5,1,2,acked,0,1787683308.1198337,1787683323.4750745,1787683364.4774594,1787683868.7989268,15.355240821838379,56.35762572288513,560.6790931224823
5,1,3,acked,0,1787683313.0676427,1787683323.6254156,1787683375.5561886,1787683874.6272295,10.557772874832153,62.4885458946228,561.559586763382
5,1,4,acked,0,1787683318.0470772,1787683323.7655485,1787683388.3675215,1787683880.1929295,5.71847128868103,70.32044434547424,562.1458523273468
5,2,0,acked,0,1787683880.5109117,1787683903.8813527,1787683917.3257654,1787684439.8768694,23.37044095993042,36.81485366821289,559.365957736969
5,2,1,acked,0,1787683883.3171697,1787683904.0287347,1787683928.322742,1787684443.0400856,20.711565017700195,45.00557231903076,559.7229158878326
5,2,2,acked,0,1787683888.7258701,1787683904.18941,1787683941.182605,1787684448.369701,15.463539838790894,52.45673489570618,559.6438307762146
5,2,3,acked,0,1787683891.6398413,1787683904.3440151,1787683952.3756635,1787684453.7294106,12.704173803329468,60.73582220077515,562.0895693302155
5,2,4,acked,0,1787683896.6561525,1787683904.4949389,1787683965.385562,1787684459.1069832,7.838786363601685,68.72940945625305,562.4508306980133
5,3,0,acked,0,1787684459.3102815,1787684482.1480327,1787684497.545908,1787685012.2610924,22.837751150131226,38.235626459121704,552.9508109092712
5,3,1,acked,0,1787684464.1567373,1787684482.2827144,1787684510.3221564,1787685015.8191803,18.125977039337158,46.16541910171509,551.6624429225922
5,3,2,acked,0,1787684467.213947,1787684482.4093223,1787684523.0999758,1787685019.014245,15.195375204086304,55.88602876663208,551.8002979755402
5,3,3,acked,0,1787684472.1281047,1787684482.5348022,1787684534.038473,1787685024.362466,10.406697511672974,61.91036820411682,552.234361410141
5,3,4,acked,0,1787684477.0291078,1787684482.665412,1787684546.949392,1787685029.6543643,5.636304140090942,69.92028427124023,552.6252565383911
5,4,0,acked,0,1787685029.8818345,1787685054.5815551,1787685067.8682213,1787685588.8963258,24.69972062110901,37.98638677597046,559.0144913196564
5,4,1,acked,0,1787685034.8055658,1787685054.7175333,1787685078.7795377,1787685594.3009567,19.911967515945435,43.97397184371948,559.4953908920288
5,4,2,acked,0,1787685039.631375,1787685054.8561785,1787685091.5216763,1787685597.4672809,15.224803447723389,51.89030122756958,557.835905790329
5,4,3,acked,0,1787685042.65525,1787685054.9914942,1787685102.3354514,1787685602.8629572,12.336244106292725,59.680201292037964,560.2077071666718
5,4,4,acked,0,1787685047.4828982,1787685055.1295593,1787685115.0802395,1787685608.2859106,7.646661043167114,67.597341299057,560.8030123710632
